Channel,Mass
1,1.0
2,1.0215851320943412
3,1.0431702641886824
4,1.0647553962830236
5,1.0863405283773648
6,1.107925660471706
7,1.1295107925660473
8,1.1510959246603885
9,1.1726810567547297
10,1.1942661888490709
11,1.2158513209434119
12,1.237436453037753
13,1.2590215851320943
14,1.2806067172264355
15,1.3021918493207767
16,1.323776981415118
17,1.3453621135094591
18,1.3669472456038003
19,1.3885323776981415
20,1.4101175097924827
21,1.431702641886824
22,1.4532877739811652
23,1.4748729060755061
24,1.4964580381698473
25,1.5180431702641886
26,1.5396283023585298
27,1.561213434452871
28,1.5827985665472122
29,1.6043836986415534
30,1.6259688307358946
31,1.6475539628302358
32,1.669139094924577
33,1.6907242270189182
34,1.7123093591132594
35,1.7338944912076006
36,1.7554796233019418
37,1.777064755396283
38,1.7986498874906243
39,1.8202350195849655
40,1.8418201516793067
41,1.863405283773648
42,1.884990415867989
43,1.9065755479623303
44,1.9281606800566715
45,1.9497458121510125
46,1.9713309442453537
47,1.992916076339695
48,2.0145012084340364
49,2.036086340528377
50,2.0576714726227188
51,2.0792566047170595
52,2.100841736811401
53,2.122426868905742
54,2.1440120010000836
55,2.1655971330944244
56,2.187182265188766
57,2.208767397283107
58,2.230352529377448
59,2.251937661471789
60,2.2735227935661304
61,2.2951079256604716
62,2.316693057754813
63,2.338278189849154
64,2.3598633219434952
65,2.3814484540378364
66,2.4030335861321777
67,2.424618718226519
68,2.44620385032086
69,2.4677889824152013
70,2.4893741145095425
71,2.5109592466038837
72,2.532544378698225
73,2.554129510792566
74,2.575714642886907
75,2.5972997749812485
76,2.6188849070755893
77,2.640470039169931
78,2.6620551712642717
79,2.6836403033586134
80,2.705225435452954
81,2.726810567547296
82,2.7483956996416365
83,2.769980831735978
84,2.791565963830319
85,2.8131510959246606
86,2.8347362280190014
87,2.856321360113343
88,2.877906492207684
89,2.899491624302025
90,2.921076756396366
91,2.9426618884907074
92,2.9642470205850486
93,2.98583215267939
94,3.007417284773731
95,3.0290024168680723
96,3.0505875489624135
97,3.0721726810567547
98,3.093757813151096
99,3.115342945245437
100,3.1369280773397783
101,3.1585132094341195
102,3.1800983415284607
103,3.201683473622802
104,3.223268605717143
105,3.2448537378114843
106,3.2664388699058255
107,3.2880240020001668
108,3.309609134094508
109,3.331194266188849
110,3.3527793982831904
111,3.3743645303775316
112,3.395949662471873
113,3.4175347945662136
114,3.4391199266605548
115,3.460705058754896
116,3.482290190849237
117,3.5038753229435784
118,3.5254604550379196
119,3.547045587132261
120,3.568630719226602
121,3.5902158513209432
122,3.6118009834152844
123,3.6333861155096256
124,3.654971247603967
125,3.676556379698308
126,3.6981415117926493
127,3.7197266438869905
128,3.7413117759813317
129,3.762896908075673
130,3.784482040170014
131,3.8060671722643553
132,3.8276523043586965
133,3.8492374364530377
134,3.870822568547379
135,3.89240770064172
136,3.9139928327360614
137,3.9355779648304026
138,3.9571630969247438
139,3.978748229019085
140,4.000333361113427
141,4.021918493207767
142,4.043503625302108
143,4.06508875739645
144,4.0866738894907915
145,4.108259021585132
146,4.129844153679473
147,4.151429285773814
148,4.173014417868155
149,4.194599549962497
150,4.216184682056838
151,4.237769814151179
152,4.25935494624552
153,4.280940078339862
154,4.302525210434203
155,4.324110342528543
156,4.345695474622885
157,4.367280606717227
158,4.3888657388115675
159,4.410450870905908
160,4.43203600300025
161,4.453621135094592
162,4.475206267188932
163,4.496791399283273
164,4.518376531377615
165,4.539961663471956
166,4.561546795566297
167,4.583131927660638
168,4.60471705975498
169,4.626302191849321
170,4.647887323943662
171,4.669472456038003
172,4.691057588132344
173,4.712642720226686
174,4.734227852321027
175,4.755812984415368
176,4.777398116509709
177,4.79898324860405
178,4.820568380698392
179,4.842153512792732
180,4.863738644887073
181,4.885323776981415
182,4.9069089090757565
183,4.928494041170097
184,4.950079173264438
185,4.97166430535878
186,4.993249437453121
187,5.014834569547462
188,5.036419701641804
189,5.0580048337361445
190,5.079589965830486
191,5.101175097924827
192,5.122760230019169
193,5.144345362113509
194,5.16593049420785
195,5.187515626302192
196,5.2091007583965325
197,5.230685890490874
198,5.252271022585215
199,5.273856154679557
200,5.295441286773897
201,5.317026418868239
202,5.33861155096258
203,5.360196683056921
204,5.381781815151262
205,5.403366947245604
206,5.424952079339945
207,5.446537211434286
208,5.468122343528627
209,5.489707475622969
210,5.5112926077173094
211,5.532877739811651
212,5.554462871905992
213,5.5760480040003335
214,5.597633136094674
215,5.619218268189016
216,5.640803400283357
217,5.662388532377698
218,5.683973664472039
219,5.705558796566381
220,5.7271439286607215
221,5.748729060755063
222,5.770314192849404
223,5.791899324943746
224,5.813484457038086
225,5.835069589132427
226,5.856654721226769
227,5.8782398533211095
228,5.899824985415451
229,5.921410117509792
230,5.942995249604134
231,5.964580381698474
232,5.986165513792816
233,6.007750645887157
234,6.0293357779814984
235,6.050920910075839
236,6.072506042170181
237,6.094091174264522
238,6.115676306358863
239,6.137261438453204
240,6.158846570547546
241,6.1804317026418865
242,6.202016834736228
243,6.223601966830569
244,6.2451870989249105
245,6.266772231019251
246,6.288357363113593
247,6.309942495207934
248,6.331527627302275
249,6.353112759396616
250,6.374697891490958
251,6.3962830235852985
252,6.41786815567964
253,6.439453287773981
254,6.461038419868323
255,6.482623551962663
256,6.504208684057005
257,6.525793816151346
258,6.547378948245687
259,6.568964080340028
260,6.590549212434369
261,6.612134344528711
262,6.633719476623051
263,6.655304608717393
264,6.676889740811734
265,6.6984748729060755
266,6.720060005000416
267,6.741645137094758
268,6.763230269189099
269,6.78481540128344
270,6.806400533377781
271,6.827985665472123
272,6.8495707975664635
273,6.871155929660805
274,6.892741061755146
275,6.9143261938494875
276,6.935911325943828
277,6.95749645803817
278,6.979081590132511
279,7.000666722226852
280,7.022251854321193
281,7.043836986415535
282,7.065422118509876
283,7.087007250604217
284,7.108592382698558
285,7.1301775147929
286,7.15176264688724
287,7.173347778981582
288,7.194932911075923
289,7.2165180431702645
290,7.238103175264605
291,7.259688307358946
292,7.281273439453288
293,7.302858571547628
294,7.32444370364197
295,7.346028835736311
296,7.3676139678306525
297,7.389199099924993
298,7.410784232019335
299,7.432369364113676
300,7.453954496208017
301,7.475539628302358
302,7.4971247603967
303,7.5187098924910405
304,7.540295024585382
305,7.561880156679723
306,7.583465288774065
307,7.605050420868405
308,7.626635552962747
309,7.648220685057088
310,7.669805817151429
311,7.69139094924577
312,7.712976081340112
313,7.734561213434453
314,7.756146345528794
315,7.777731477623135
316,7.799316609717477
317,7.820901741811817
318,7.842486873906159
319,7.8640720060005
320,7.8856571380948415
321,7.907242270189182
322,7.928827402283523
323,7.950412534377865
324,7.971997666472205
325,7.993582798566547
326,8.015167930660887
327,8.03675306275523
328,8.05833819484957
329,8.079923326943913
330,8.101508459038254
331,8.123093591132594
332,8.144678723226935
333,8.166263855321276
334,8.187848987415617
335,8.20943411950996
336,8.2310192516043
337,8.252604383698642
338,8.274189515792983
339,8.295774647887324
340,8.317359779981665
341,8.338944912076006
342,8.360530044170346
343,8.382115176264689
344,8.40370030835903
345,8.425285440453372
346,8.446870572547713
347,8.468455704642054
348,8.490040836736394
349,8.511625968830735
350,8.533211100925076
351,8.554796233019418
352,8.57638136511376
353,8.5979664972081
354,8.619551629302443
355,8.641136761396783
356,8.662721893491124
357,8.684307025585465
358,8.705892157679806
359,8.727477289774146
360,8.749062421868489
361,8.77064755396283
362,8.792232686057172
363,8.813817818151513
364,8.835402950245854
365,8.856988082340195
366,8.878573214434535
367,8.900158346528876
368,8.921743478623219
369,8.94332861071756
370,8.964913742811902
371,8.986498874906243
372,9.008084007000583
373,9.029669139094924
374,9.051254271189265
375,9.072839403283607
376,9.094424535377948
377,9.116009667472289
378,9.13759479956663
379,9.159179931660972
380,9.180765063755313
381,9.202350195849654
382,9.223935327943995
383,9.245520460038337
384,9.267105592132678
385,9.288690724227019
386,9.31027585632136
387,9.3318609884157
388,9.353446120510043
389,9.375031252604384
390,9.396616384698724
391,9.418201516793065
392,9.439786648887408
393,9.461371780981748
394,9.48295691307609
395,9.50454204517043
396,9.526127177264772
397,9.547712309359113
398,9.569297441453454
399,9.590882573547795
400,9.612467705642137
401,9.634052837736478
402,9.655637969830819
403,9.67722310192516
404,9.698808234019502
405,9.720393366113843
406,9.741978498208184
407,9.763563630302524
408,9.785148762396867
409,9.806733894491208
410,9.828319026585548
411,9.84990415867989
412,9.871489290774232
413,9.893074422868573
414,9.914659554962913
415,9.936244687057254
416,9.957829819151597
417,9.979414951245937
418,10.001000083340278
419,10.022585215434619
420,10.04417034752896
421,10.065755479623302
422,10.087340611717643
423,10.108925743811984
424,10.130510875906324
425,10.152096008000667
426,10.173681140095008
427,10.195266272189349
428,10.21685140428369
429,10.238436536378032
430,10.260021668472373
431,10.281606800566713
432,10.303191932661054
433,10.324777064755397
434,10.346362196849737
435,10.367947328944078
436,10.389532461038419
437,10.411117593132762
438,10.432702725227102
439,10.454287857321443
440,10.475872989415784
441,10.497458121510126
442,10.519043253604467
443,10.540628385698808
444,10.562213517793149
445,10.583798649887491
446,10.605383781981832
447,10.626968914076173
448,10.648554046170513
449,10.670139178264854
450,10.691724310359197
451,10.713309442453538
452,10.734894574547878
453,10.756479706642219
454,10.778064838736562
455,10.799649970830902
456,10.821235102925243
457,10.842820235019584
458,10.864405367113926
459,10.885990499208267
460,10.907575631302608
461,10.929160763396949
462,10.950745895491291
463,10.972331027585632
464,10.993916159679973
465,11.015501291774314
466,11.037086423868656
467,11.058671555962997
468,11.080256688057338
469,11.101841820151678
470,11.123426952246021
471,11.145012084340362
472,11.166597216434702
473,11.188182348529043
474,11.209767480623386
475,11.231352612717727
476,11.252937744812067
477,11.274522876906408
478,11.29610800900075
479,11.317693141095091
480,11.339278273189432
481,11.360863405283773
482,11.382448537378114
483,11.404033669472456
484,11.425618801566797
485,11.447203933661138
486,11.468789065755479
487,11.490374197849821
488,11.511959329944162
489,11.533544462038503
490,11.555129594132843
491,11.576714726227186
492,11.598299858321527
493,11.619884990415867
494,11.641470122510208
495,11.66305525460455
496,11.684640386698891
497,11.706225518793232
498,11.727810650887573
499,11.749395782981916
500,11.770980915076256
501,11.792566047170597
502,11.814151179264938
503,11.83573631135928
504,11.857321443453621
505,11.878906575547962
506,11.900491707642303
507,11.922076839736645
508,11.943661971830986
509,11.965247103925327
510,11.986832236019668
511,12.00841736811401
512,12.03000250020835
513,12.051587632302692
514,12.073172764397032
515,12.094757896491373
516,12.116343028585716
517,12.137928160680056
518,12.159513292774397
519,12.181098424868738
520,12.20268355696308
521,12.224268689057421
522,12.245853821151762
523,12.267438953246103
524,12.289024085340445
525,12.310609217434786
526,12.332194349529127
527,12.353779481623468
528,12.37536461371781
529,12.396949745812151
530,12.418534877906492
531,12.440120010000832
532,12.461705142095175
533,12.483290274189516
534,12.504875406283857
535,12.526460538378197
536,12.54804567047254
537,12.56963080256688
538,12.591215934661221
539,12.612801066755562
540,12.634386198849905
541,12.655971330944245
542,12.677556463038586
543,12.699141595132927
544,12.72072672722727
545,12.74231185932161
546,12.763896991415951
547,12.785482123510292
548,12.807067255604633
549,12.828652387698975
550,12.850237519793316
551,12.871822651887657
552,12.893407783981997
553,12.91499291607634
554,12.93657804817068
555,12.958163180265021
556,12.979748312359362
557,13.001333444453705
558,13.022918576548046
559,13.044503708642386
560,13.066088840736727
561,13.08767397283107
562,13.10925910492541
563,13.130844237019751
564,13.152429369114092
565,13.174014501208434
566,13.195599633302775
567,13.217184765397116
568,13.238769897491457
569,13.2603550295858
570,13.28194016168014
571,13.30352529377448
572,13.325110425868822
573,13.346695557963164
574,13.368280690057505
575,13.389865822151846
576,13.411450954246186
577,13.433036086340529
578,13.45462121843487
579,13.47620635052921
580,13.497791482623551
581,13.519376614717892
582,13.540961746812235
583,13.562546878906575
584,13.584132011000916
585,13.605717143095257
586,13.6273022751896
587,13.64888740728394
588,13.67047253937828
589,13.692057671472622
590,13.713642803566964
591,13.735227935661305
592,13.756813067755646
593,13.778398199849986
594,13.799983331944329
595,13.82156846403867
596,13.84315359613301
597,13.864738728227351
598,13.886323860321694
599,13.907908992416035
600,13.929494124510375
601,13.951079256604716
602,13.972664388699059
603,13.9942495207934
604,14.01583465288774
605,14.037419784982081
606,14.059004917076424
607,14.080590049170764
608,14.102175181265105
609,14.123760313359446
610,14.145345445453787
611,14.16693057754813
612,14.18851570964247
613,14.21010084173681
614,14.231685973831151
615,14.253271105925494
616,14.274856238019835
617,14.296441370114175
618,14.318026502208516
619,14.339611634302859
620,14.3611967663972
621,14.38278189849154
622,14.404367030585881
623,14.425952162680224
624,14.447537294774564
625,14.469122426868905
626,14.490707558963246
627,14.512292691057588
628,14.53387782315193
629,14.55546295524627
630,14.57704808734061
631,14.598633219434953
632,14.620218351529294
633,14.641803483623635
634,14.663388615717976
635,14.684973747812318
636,14.706558879906659
637,14.728144012001
638,14.74972914409534
639,14.771314276189683
640,14.792899408284024
641,14.814484540378364
642,14.836069672472705
643,14.857654804567046
644,14.879239936661389
645,14.90082506875573
646,14.92241020085007
647,14.94399533294441
648,14.965580465038753
649,14.987165597133094
650,15.008750729227435
651,15.030335861321776
652,15.051920993416118
653,15.073506125510459
654,15.0950912576048
655,15.11667638969914
656,15.138261521793483
657,15.159846653887824
658,15.181431785982165
659,15.203016918076505
660,15.224602050170848
661,15.246187182265189
662,15.26777231435953
663,15.28935744645387
664,15.310942578548213
665,15.332527710642553
666,15.354112842736894
667,15.375697974831235
668,15.397283106925578
669,15.418868239019918
670,15.440453371114259
671,15.4620385032086
672,15.483623635302942
673,15.505208767397283
674,15.526793899491624
675,15.548379031585965
676,15.569964163680305
677,15.591549295774648
678,15.613134427868989
679,15.63471955996333
680,15.65630469205767
681,15.677889824152013
682,15.699474956246354
683,15.721060088340694
684,15.742645220435035
685,15.764230352529378
686,15.785815484623718
687,15.80740061671806
688,15.8289857488124
689,15.850570880906742
690,15.872156013001083
691,15.893741145095424
692,15.915326277189765
693,15.936911409284107
694,15.958496541378448
695,15.980081673472789
696,16.00166680556713
697,16.02325193766147
698,16.044837069755815
699,16.066422201850152
700,16.088007333944496
701,16.109592466038837
702,16.131177598133178
703,16.15276273022752
704,16.17434786232186
705,16.1959329944162
706,16.21751812651054
707,16.239103258604885
708,16.260688390699222
709,16.282273522793567
710,16.303858654887907
711,16.325443786982248
712,16.34702891907659
713,16.36861405117093
714,16.390199183265274
715,16.41178431535961
716,16.433369447453956
717,16.454954579548293
718,16.476539711642637
719,16.498124843736978
720,16.51970997583132
721,16.54129510792566
722,16.56288024002
723,16.584465372114344
724,16.60605050420868
725,16.627635636303026
726,16.649220768397367
727,16.670805900491708
728,16.69239103258605
729,16.71397616468039
730,16.735561296774733
731,16.75714642886907
732,16.778731560963415
733,16.800316693057752
734,16.821901825152096
735,16.843486957246437
736,16.865072089340778
737,16.88665722143512
738,16.90824235352946
739,16.929827485623804
740,16.95141261771814
741,16.972997749812485
742,16.994582881906823
743,17.016168014001167
744,17.037753146095508
745,17.05933827818985
746,17.08092341028419
747,17.10250854237853
748,17.12409367447287
749,17.145678806567215
750,17.167263938661556
751,17.188849070755897
752,17.210434202850237
753,17.232019334944578
754,17.25360446703892
755,17.27518959913326
756,17.2967747312276
757,17.318359863321945
758,17.339944995416285
759,17.361530127510626
760,17.383115259604967
761,17.404700391699308
762,17.42628552379365
763,17.44787065588799
764,17.46945578798233
765,17.491040920076674
766,17.512626052171015
767,17.534211184265356
768,17.555796316359697
769,17.577381448454037
770,17.598966580548378
771,17.62055171264272
772,17.64213684473706
773,17.6637219768314
774,17.685307108925745
775,17.706892241020086
776,17.728477373114426
777,17.750062505208767
778,17.771647637303108
779,17.79323276939745
780,17.81481790149179
781,17.83640303358613
782,17.857988165680474
783,17.879573297774815
784,17.901158429869156
785,17.922743561963497
786,17.944328694057837
787,17.96591382615218
788,17.98749895824652
789,18.00908409034086
790,18.030669222435204
791,18.052254354529545
792,18.073839486623886
793,18.095424618718226
794,18.117009750812567
795,18.138594882906908
796,18.16018001500125
797,18.18176514709559
798,18.203350279189934
799,18.224935411284275
800,18.246520543378615
801,18.268105675472956
802,18.289690807567297
803,18.311275939661638
804,18.33286107175598
805,18.35444620385032
806,18.37603133594466
807,18.397616468039004
808,18.419201600133345
809,18.440786732227686
810,18.462371864322026
811,18.483956996416367
812,18.505542128510708
813,18.52712726060505
814,18.54871239269939
815,18.570297524793734
816,18.591882656888075
817,18.613467788982415
818,18.635052921076756
819,18.656638053171097
820,18.678223185265438
821,18.69980831735978
822,18.72139344945412
823,18.742978581548464
824,18.764563713642804
825,18.786148845737145
826,18.807733977831486
827,18.829319109925827
828,18.850904242020167
829,18.872489374114508
830,18.89407450620885
831,18.915659638303193
832,18.937244770397534
833,18.958829902491875
834,18.980415034586215
835,19.002000166680556
836,19.023585298774897
837,19.045170430869238
838,19.06675556296358
839,19.08834069505792
840,19.109925827152264
841,19.131510959246604
842,19.153096091340945
843,19.174681223435286
844,19.196266355529627
845,19.217851487623967
846,19.239436619718308
847,19.26102175181265
848,19.282606883906993
849,19.304192016001334
850,19.325777148095675
851,19.347362280190016
852,19.368947412284356
853,19.390532544378697
854,19.412117676473038
855,19.43370280856738
856,19.455287940661723
857,19.476873072756064
858,19.498458204850404
859,19.520043336944745
860,19.541628469039086
861,19.563213601133427
862,19.584798733227768
863,19.60638386532211
864,19.627968997416453
865,19.649554129510793
866,19.671139261605134
867,19.692724393699475
868,19.714309525793816
869,19.735894657888156
870,19.757479789982497
871,19.779064922076838
872,19.80065005417118
873,19.822235186265523
874,19.843820318359864
875,19.865405450454205
876,19.886990582548545
877,19.908575714642886
878,19.930160846737227
879,19.951745978831568
880,19.97333111092591
881,19.994916243020253
882,20.016501375114593
883,20.038086507208934
884,20.059671639303275
885,20.081256771397616
886,20.102841903491957
887,20.124427035586297
888,20.146012167680638
889,20.167597299774982
890,20.189182431869323
891,20.210767563963664
892,20.232352696058005
893,20.253937828152345
894,20.275522960246686
895,20.297108092341027
896,20.318693224435368
897,20.34027835652971
898,20.361863488624053
899,20.383448620718394
900,20.405033752812734
901,20.426618884907075
902,20.448204017001416
903,20.469789149095757
904,20.491374281190097
905,20.512959413284438
906,20.534544545378782
907,20.556129677473123
908,20.577714809567464
909,20.599299941661805
910,20.620885073756146
911,20.642470205850486
912,20.664055337944827
913,20.685640470039168
914,20.707225602133512
915,20.728810734227853
916,20.750395866322194
917,20.771980998416534
918,20.793566130510875
919,20.815151262605216
920,20.836736394699557
921,20.858321526793898
922,20.879906658888242
923,20.901491790982583
924,20.923076923076923
925,20.944662055171264
926,20.966247187265605
927,20.987832319359946
928,21.009417451454286
929,21.031002583548627
930,21.052587715642968
931,21.074172847737312
932,21.095757979831653
933,21.117343111925994
934,21.138928244020335
935,21.160513376114675
936,21.182098508209016
937,21.203683640303357
938,21.225268772397698
939,21.246853904492042
940,21.268439036586383
941,21.290024168680723
942,21.311609300775064
943,21.333194432869405
944,21.354779564963746
945,21.376364697058087
946,21.397949829152427
947,21.41953496124677
948,21.441120093341112
949,21.462705225435453
950,21.484290357529794
951,21.505875489624135
952,21.527460621718475
953,21.549045753812816
954,21.570630885907157
955,21.5922160180015
956,21.613801150095842
957,21.635386282190183
958,21.656971414284524
959,21.678556546378864
960,21.700141678473205
961,21.721726810567546
962,21.743311942661887
963,21.764897074756227
964,21.78648220685057
965,21.808067338944912
966,21.829652471039253
967,21.851237603133594
968,21.872822735227935
969,21.894407867322276
970,21.915992999416616
971,21.937578131510957
972,21.9591632636053
973,21.980748395699642
974,22.002333527793983
975,22.023918659888324
976,22.045503791982664
977,22.067088924077005
978,22.088674056171346
979,22.110259188265687
980,22.13184432036003
981,22.153429452454372
982,22.175014584548713
983,22.196599716643053
984,22.218184848737394
985,22.239769980831735
986,22.261355112926076
987,22.282940245020416
988,22.30452537711476
989,22.3261105092091
990,22.347695641303442
991,22.369280773397783
992,22.390865905492124
993,22.412451037586465
994,22.434036169680805
995,22.455621301775146
996,22.477206433869487
997,22.49879156596383
998,22.520376698058172
999,22.541961830152513
1000,22.563546962246853
1001,22.585132094341194
1002,22.606717226435535
1003,22.628302358529876
1004,22.649887490624216
1005,22.67147262271856
1006,22.6930577548129
1007,22.714642886907242
1008,22.736228019001583
1009,22.757813151095924
1010,22.779398283190265
1011,22.800983415284605
1012,22.822568547378946
1013,22.84415367947329
1014,22.86573881156763
1015,22.887323943661972
1016,22.908909075756313
1017,22.930494207850654
1018,22.952079339944994
1019,22.973664472039335
1020,22.995249604133676
1021,23.01683473622802
1022,23.03841986832236
1023,23.0600050004167
1024,23.081590132511042
1025,23.103175264605383
1026,23.124760396699724
1027,23.146345528794065
1028,23.167930660888405
1029,23.189515792982746
1030,23.21110092507709
1031,23.23268605717143
1032,23.254271189265772
1033,23.275856321360113
1034,23.297441453454454
1035,23.319026585548794
1036,23.340611717643135
1037,23.362196849737476
1038,23.38378198183182
1039,23.40536711392616
1040,23.4269522460205
1041,23.448537378114843
1042,23.470122510209183
1043,23.491707642303524
1044,23.513292774397865
1045,23.534877906492206
1046,23.55646303858655
1047,23.57804817068089
1048,23.59963330277523
1049,23.621218434869572
1050,23.642803566963913
1051,23.664388699058254
1052,23.685973831152594
1053,23.707558963246935
1054,23.72914409534128
1055,23.75072922743562
1056,23.77231435952996
1057,23.793899491624302
1058,23.815484623718643
1059,23.837069755812983
1060,23.858654887907324
1061,23.880240020001665
1062,23.901825152096006
1063,23.92341028419035
1064,23.94499541628469
1065,23.96658054837903
1066,23.988165680473372
1067,24.009750812567713
1068,24.031335944662054
1069,24.052921076756395
1070,24.074506208850735
1071,24.09609134094508
1072,24.11767647303942
1073,24.13926160513376
1074,24.160846737228102
1075,24.182431869322443
1076,24.204017001416783
1077,24.225602133511124
1078,24.247187265605465
1079,24.26877239769981
1080,24.29035752979415
1081,24.31194266188849
1082,24.33352779398283
1083,24.355112926077172
1084,24.376698058171513
1085,24.398283190265854
1086,24.419868322360195
1087,24.44145345445454
1088,24.46303858654888
1089,24.48462371864322
1090,24.50620885073756
1091,24.527793982831902
1092,24.549379114926243
1093,24.570964247020584
1094,24.592549379114924
1095,24.614134511209265
1096,24.63571964330361
1097,24.65730477539795
1098,24.67888990749229
1099,24.70047503958663
1100,24.722060171680972
1101,24.743645303775313
1102,24.765230435869654
1103,24.786815567963995
1104,24.80840070005834
1105,24.82998583215268
1106,24.85157096424702
1107,24.87315609634136
1108,24.894741228435702
1109,24.916326360530043
1110,24.937911492624384
1111,24.959496624718724
1112,24.98108175681307
1113,25.00266688890741
1114,25.02425202100175
1115,25.04583715309609
1116,25.067422285190432
1117,25.089007417284773
1118,25.110592549379113
1119,25.132177681473454
1120,25.1537628135678
1121,25.17534794566214
1122,25.19693307775648
1123,25.21851820985082
1124,25.24010334194516
1125,25.261688474039502
1126,25.283273606133843
1127,25.304858738228184
1128,25.326443870322525
1129,25.34802900241687
1130,25.36961413451121
1131,25.39119926660555
1132,25.41278439869989
1133,25.434369530794232
1134,25.455954662888573
1135,25.477539794982913
1136,25.499124927077254
1137,25.5207100591716
1138,25.54229519126594
1139,25.56388032336028
1140,25.58546545545462
1141,25.60705058754896
1142,25.628635719643302
1143,25.650220851737643
1144,25.671805983831984
1145,25.693391115926328
1146,25.71497624802067
1147,25.73656138011501
1148,25.75814651220935
1149,25.77973164430369
1150,25.801316776398032
1151,25.822901908492373
1152,25.844487040586714
1153,25.866072172681058
1154,25.8876573047754
1155,25.90924243686974
1156,25.93082756896408
1157,25.95241270105842
1158,25.97399783315276
1159,25.995582965247102
1160,26.017168097341443
1161,26.038753229435784
1162,26.06033836153013
1163,26.08192349362447
1164,26.10350862571881
1165,26.12509375781315
1166,26.14667888990749
1167,26.168264022001832
1168,26.189849154096173
1169,26.211434286190514
1170,26.233019418284858
1171,26.2546045503792
1172,26.27618968247354
1173,26.29777481456788
1174,26.31935994666222
1175,26.34094507875656
1176,26.362530210850903
1177,26.384115342945243
1178,26.405700475039588
1179,26.42728560713393
1180,26.44887073922827
1181,26.47045587132261
1182,26.49204100341695
1183,26.51362613551129
1184,26.535211267605632
1185,26.556796399699973
1186,26.578381531794314
1187,26.599966663888658
1188,26.621551795983
1189,26.64313692807734
1190,26.66472206017168
1191,26.68630719226602
1192,26.707892324360362
1193,26.729477456454703
1194,26.751062588549043
1195,26.772647720643388
1196,26.79423285273773
1197,26.81581798483207
1198,26.83740311692641
1199,26.85898824902075
1200,26.88057338111509
1201,26.902158513209432
1202,26.923743645303773
1203,26.945328777398117
1204,26.966913909492458
1205,26.9884990415868
1206,27.01008417368114
1207,27.03166930577548
1208,27.05325443786982
1209,27.074839569964162
1210,27.096424702058503
1211,27.118009834152847
1212,27.139594966247188
1213,27.16118009834153
1214,27.18276523043587
1215,27.20435036253021
1216,27.22593549462455
1217,27.24752062671889
1218,27.269105758813232
1219,27.290690890907573
1220,27.312276023001917
1221,27.33386115509626
1222,27.3554462871906
1223,27.37703141928494
1224,27.39861655137928
1225,27.42020168347362
1226,27.441786815567962
1227,27.463371947662303
1228,27.484957079756647
1229,27.506542211850988
1230,27.52812734394533
1231,27.54971247603967
1232,27.57129760813401
1233,27.59288274022835
1234,27.61446787232269
1235,27.636053004417032
1236,27.657638136511377
1237,27.679223268605718
1238,27.70080840070006
1239,27.7223935327944
1240,27.74397866488874
1241,27.76556379698308
1242,27.78714892907742
1243,27.808734061171762
1244,27.830319193266106
1245,27.851904325360447
1246,27.873489457454788
1247,27.89507458954913
1248,27.91665972164347
1249,27.93824485373781
1250,27.95982998583215
1251,27.981415117926492
1252,28.003000250020833
1253,28.024585382115177
1254,28.046170514209518
1255,28.06775564630386
1256,28.0893407783982
1257,28.11092591049254
1258,28.13251104258688
1259,28.15409617468122
1260,28.175681306775562
1261,28.197266438869907
1262,28.218851570964247
1263,28.240436703058588
1264,28.26202183515293
1265,28.28360696724727
1266,28.30519209934161
1267,28.32677723143595
1268,28.348362363530292
1269,28.369947495624636
1270,28.391532627718977
1271,28.413117759813318
1272,28.43470289190766
1273,28.456288024002
1274,28.47787315609634
1275,28.49945828819068
1276,28.52104342028502
1277,28.542628552379366
1278,28.564213684473707
1279,28.585798816568047
1280,28.607383948662388
1281,28.62896908075673
1282,28.65055421285107
1283,28.67213934494541
1284,28.69372447703975
1285,28.715309609134092
1286,28.736894741228436
1287,28.758479873322777
1288,28.780065005417118
1289,28.80165013751146
1290,28.8232352696058
1291,28.84482040170014
1292,28.86640553379448
1293,28.88799066588882
1294,28.909575797983166
1295,28.931160930077507
1296,28.952746062171848
1297,28.97433119426619
1298,28.99591632636053
1299,29.01750145845487
1300,29.03908659054921
1301,29.06067172264355
1302,29.082256854737896
1303,29.103841986832236
1304,29.125427118926577
1305,29.147012251020918
1306,29.16859738311526
1307,29.1901825152096
1308,29.21176764730394
1309,29.23335277939828
1310,29.254937911492625
1311,29.276523043586966
1312,29.298108175681307
1313,29.319693307775648
1314,29.34127843986999
1315,29.36286357196433
1316,29.38444870405867
1317,29.40603383615301
1318,29.42761896824735
1319,29.449204100341696
1320,29.470789232436037
1321,29.492374364530377
1322,29.513959496624718
1323,29.53554462871906
1324,29.5571297608134
1325,29.57871489290774
1326,29.60030002500208
1327,29.621885157096425
1328,29.643470289190766
1329,29.665055421285107
1330,29.686640553379448
1331,29.70822568547379
1332,29.72981081756813
1333,29.75139594966247
1334,29.77298108175681
1335,29.794566213851155
1336,29.816151345945496
1337,29.837736478039837
1338,29.859321610134177
1339,29.880906742228518
1340,29.90249187432286
1341,29.9240770064172
1342,29.94566213851154
1343,29.967247270605885
1344,29.988832402700226
1345,30.010417534794566
1346,30.032002666888907
1347,30.053587798983248
1348,30.07517293107759
1349,30.09675806317193
1350,30.11834319526627
1351,30.13992832736061
1352,30.161513459454955
1353,30.183098591549296
1354,30.204683723643637
1355,30.226268855737978
1356,30.24785398783232
1357,30.26943911992666
1358,30.291024252021
1359,30.31260938411534
1360,30.334194516209685
1361,30.355779648304026
1362,30.377364780398366
1363,30.398949912492707
1364,30.420535044587048
1365,30.44212017668139
1366,30.46370530877573
1367,30.48529044087007
1368,30.506875572964415
1369,30.528460705058755
1370,30.550045837153096
1371,30.571630969247437
1372,30.593216101341778
1373,30.61480123343612
1374,30.63638636553046
1375,30.6579714976248
1376,30.679556629719144
1377,30.701141761813485
1378,30.722726893907826
1379,30.744312026002167
1380,30.765897158096507
1381,30.787482290190848
1382,30.80906742228519
1383,30.83065255437953
1384,30.85223768647387
1385,30.873822818568215
1386,30.895407950662555
1387,30.916993082756896
1388,30.938578214851237
1389,30.960163346945578
1390,30.98174847903992
1391,31.00333361113426
1392,31.0249187432286
1393,31.046503875322944
1394,31.068089007417285
1395,31.089674139511626
1396,31.111259271605967
1397,31.132844403700307
1398,31.154429535794648
1399,31.17601466788899
1400,31.19759979998333
1401,31.219184932077674
1402,31.240770064172015
1403,31.262355196266356
1404,31.283940328360696
1405,31.305525460455037
1406,31.327110592549378
1407,31.34869572464372
1408,31.37028085673806
1409,31.3918659888324
1410,31.413451120926744
1411,31.435036253021085
1412,31.456621385115426
1413,31.478206517209767
1414,31.499791649304107
1415,31.52137678139845
1416,31.54296191349279
1417,31.56454704558713
1418,31.586132177681474
1419,31.607717309775815
1420,31.629302441870156
1421,31.650887573964496
1422,31.672472706058837
1423,31.694057838153178
1424,31.71564297024752
1425,31.73722810234186
1426,31.758813234436204
1427,31.780398366530545
1428,31.801983498624885
1429,31.823568630719226
1430,31.845153762813567
1431,31.866738894907908
1432,31.88832402700225
1433,31.90990915909659
1434,31.931494291190933
1435,31.953079423285274
1436,31.974664555379615
1437,31.996249687473956
1438,32.01783481956829
1439,32.03941995166264
1440,32.06100508375698
1441,32.08259021585132
1442,32.104175347945656
1443,32.12576048004
1444,32.147345612134345
1445,32.16893074422869
1446,32.190515876323026
1447,32.21210100841736
1448,32.23368614051171
1449,32.25527127260605
1450,32.27685640470039
1451,32.29844153679473
1452,32.32002666888907
1453,32.341611800983415
1454,32.36319693307776
1455,32.3847820651721
1456,32.406367197266434
1457,32.42795232936078
1458,32.44953746145512
1459,32.47112259354947
1460,32.492707725643804
1461,32.51429285773814
1462,32.535877989832485
1463,32.55746312192683
1464,32.57904825402117
1465,32.600633386115504
1466,32.62221851820985
1467,32.64380365030419
1468,32.66538878239854
1469,32.686973914492874
1470,32.70855904658721
1471,32.730144178681556
1472,32.7517293107759
1473,32.77331444287024
1474,32.794899574964575
1475,32.81648470705892
1476,32.83806983915326
1477,32.85965497124761
1478,32.881240103341945
1479,32.90282523543628
1480,32.924410367530626
1481,32.94599549962497
1482,32.96758063171931
1483,32.989165763813645
1484,33.01075089590799
1485,33.032336028002334
1486,33.05392116009667
1487,33.075506292191015
1488,33.09709142428536
1489,33.1186765563797
1490,33.14026168847404
1491,33.16184682056838
1492,33.18343195266272
1493,33.20501708475706
1494,33.226602216851404
1495,33.24818734894574
1496,33.269772481040086
1497,33.29135761313443
1498,33.31294274522877
1499,33.33452787732311
1500,33.35611300941745
1501,33.37769814151179
1502,33.39928327360613
1503,33.420868405700475
1504,33.44245353779482
1505,33.464038669889156
1506,33.4856238019835
1507,33.50720893407784
1508,33.52879406617218
1509,33.55037919826652
1510,33.57196433036086
1511,33.5935494624552
1512,33.615134594549545
1513,33.63671972664389
1514,33.65830485873823
1515,33.67988999083257
1516,33.70147512292691
1517,33.72306025502125
1518,33.74464538711559
1519,33.766230519209934
1520,33.78781565130427
1521,33.809400783398615
1522,33.83098591549296
1523,33.8525710475873
1524,33.87415617968164
1525,33.89574131177598
1526,33.91732644387032
1527,33.93891157596466
1528,33.960496708059004
1529,33.98208184015335
1530,34.003666972247686
1531,34.02525210434203
1532,34.04683723643637
1533,34.06842236853071
1534,34.09000750062505
1535,34.11159263271939
1536,34.13317776481373
1537,34.154762896908075
1538,34.17634802900242
1539,34.197933161096756
1540,34.2195182931911
1541,34.24110342528544
1542,34.26268855737978
1543,34.28427368947412
1544,34.305858821568464
1545,34.3274439536628
1546,34.349029085757145
1547,34.37061421785149
1548,34.39219934994583
1549,34.41378448204017
1550,34.43536961413451
1551,34.45695474622885
1552,34.47853987832319
1553,34.500125010417534
1554,34.52171014251188
1555,34.543295274606216
1556,34.56488040670056
1557,34.5864655387949
1558,34.60805067088924
1559,34.62963580298358
1560,34.65122093507792
1561,34.67280606717226
1562,34.694391199266605
1563,34.71597633136095
1564,34.737561463455286
1565,34.75914659554963
1566,34.78073172764397
1567,34.80231685973831
1568,34.82390199183265
1569,34.84548712392699
1570,34.86707225602133
1571,34.888657388115675
1572,34.91024252021002
1573,34.93182765230436
1574,34.9534127843987
1575,34.97499791649304
1576,34.99658304858738
1577,35.01816818068172
1578,35.039753312776064
1579,35.06133844487041
1580,35.082923576964745
1581,35.10450870905909
1582,35.12609384115343
1583,35.14767897324777
1584,35.16926410534211
1585,35.19084923743645
1586,35.21243436953079
1587,35.234019501625134
1588,35.25560463371948
1589,35.277189765813816
1590,35.29877489790816
1591,35.3203600300025
1592,35.34194516209684
1593,35.36353029419118
1594,35.38511542628552
1595,35.40670055837987
1596,35.428285690474205
1597,35.44987082256855
1598,35.471455954662886
1599,35.49304108675723
1600,35.51462621885157
1601,35.53621135094591
1602,35.55779648304025
1603,35.579381615134594
1604,35.60096674722894
1605,35.622551879323275
1606,35.64413701141762
1607,35.66572214351196
1608,35.6873072756063
1609,35.70889240770064
1610,35.73047753979498
1611,35.75206267188932
1612,35.773647803983664
1613,35.79523293607801
1614,35.816818068172346
1615,35.83840320026669
1616,35.85998833236103
1617,35.88157346445537
1618,35.90315859654971
1619,35.92474372864405
1620,35.9463288607384
1621,35.967913992832734
1622,35.98949912492708
1623,36.011084257021416
1624,36.03266938911576
1625,36.0542545212101
1626,36.07583965330444
1627,36.09742478539878
1628,36.11900991749312
1629,36.14059504958747
1630,36.162180181681805
1631,36.18376531377615
1632,36.20535044587049
1633,36.22693557796483
1634,36.24852071005917
1635,36.27010584215351
1636,36.29169097424785
1637,36.313276106342194
1638,36.33486123843654
1639,36.356446370530875
1640,36.37803150262522
1641,36.39961663471956
1642,36.4212017668139
1643,36.44278689890824
1644,36.46437203100258
1645,36.48595716309693
1646,36.507542295191264
1647,36.52912742728561
1648,36.550712559379946
1649,36.57229769147429
1650,36.59388282356863
1651,36.61546795566297
1652,36.63705308775731
1653,36.65863821985165
1654,36.680223351946
1655,36.701808484040335
1656,36.72339361613468
1657,36.744978748229016
1658,36.76656388032336
1659,36.7881490124177
1660,36.80973414451204
1661,36.831319276606386
1662,36.852904408700724
1663,36.87448954079507
1664,36.896074672889405
1665,36.91765980498375
1666,36.93924493707809
1667,36.96083006917243
1668,36.98241520126677
1669,37.00400033336111
1670,37.02558546545546
1671,37.047170597549794
1672,37.06875572964414
1673,37.090340861738476
1674,37.11192599383282
1675,37.13351112592716
1676,37.1550962580215
1677,37.17668139011584
1678,37.19826652221018
1679,37.21985165430453
1680,37.241436786398864
1681,37.26302191849321
1682,37.284607050587546
1683,37.30619218268189
1684,37.32777731477623
1685,37.34936244687057
1686,37.370947578964916
1687,37.39253271105925
1688,37.4141178431536
1689,37.435702975247935
1690,37.45728810734228
1691,37.478873239436616
1692,37.50045837153096
1693,37.5220435036253
1694,37.54362863571964
1695,37.56521376781399
1696,37.586798899908324
1697,37.60838403200267
1698,37.629969164097005
1699,37.65155429619135
1700,37.67313942828569
1701,37.69472456038003
1702,37.71630969247437
1703,37.73789482456871
1704,37.75947995666306
1705,37.781065088757394
1706,37.80265022085174
1707,37.824235352946076
1708,37.84582048504042
1709,37.86740561713476
1710,37.8889907492291
1711,37.910575881323446
1712,37.93216101341778
1713,37.95374614551213
1714,37.975331277606465
1715,37.99691640970081
1716,38.018501541795146
1717,38.04008667388949
1718,38.06167180598383
1719,38.08325693807817
1720,38.104842070172516
1721,38.126427202266854
1722,38.1480123343612
1723,38.169597466455535
1724,38.19118259854988
1725,38.21276773064422
1726,38.23435286273856
1727,38.255937994832905
1728,38.27752312692724
1729,38.29910825902159
1730,38.320693391115924
1731,38.34227852321027
1732,38.363863655304606
1733,38.38544878739895
1734,38.40703391949329
1735,38.42861905158763
1736,38.450204183681976
1737,38.47178931577631
1738,38.49337444787066
1739,38.514959579964994
1740,38.53654471205934
1741,38.558129844153676
1742,38.57971497624802
1743,38.60130010834236
1744,38.6228852404367
1745,38.644470372531046
1746,38.66605550462538
1747,38.68764063671973
1748,38.709225768814065
1749,38.73081090090841
1750,38.752396033002746
1751,38.77398116509709
1752,38.795566297191435
1753,38.81715142928577
1754,38.83873656138012
1755,38.860321693474454
1756,38.8819068255688
1757,38.903491957663135
1758,38.92507708975748
1759,38.94666222185182
1760,38.96824735394616
1761,38.989832486040505
1762,39.01141761813484
1763,39.03300275022919
1764,39.054587882323524
1765,39.07617301441787
1766,39.097758146512206
1767,39.11934327860655
1768,39.14092841070089
1769,39.16251354279523
1770,39.184098674889576
1771,39.20568380698391
1772,39.22726893907826
1773,39.248854071172595
1774,39.27043920326694
1775,39.292024335361276
1776,39.31360946745562
1777,39.335194599549965
1778,39.3567797316443
1779,39.378364863738646
1780,39.39994999583298
1781,39.42153512792733
1782,39.443120260021665
1783,39.46470539211601
1784,39.48629052421035
1785,39.50787565630469
1786,39.529460788399035
1787,39.55104592049337
1788,39.57263105258772
1789,39.594216184682054
1790,39.6158013167764
1791,39.637386448870735
1792,39.65897158096508
1793,39.68055671305942
1794,39.70214184515376
1795,39.723726977248106
1796,39.74531210934244
1797,39.76689724143679
1798,39.788482373531124
1799,39.81006750562547
1800,39.831652637719806
1801,39.85323776981415
1802,39.874822901908495
1803,39.89640803400283
1804,39.917993166097176
1805,39.93957829819151
1806,39.96116343028586
1807,39.982748562380195
1808,40.00433369447454
1809,40.025918826568876
1810,40.04750395866322
1811,40.069089090757565
1812,40.0906742228519
1813,40.11225935494625
1814,40.133844487040584
1815,40.15542961913493
1816,40.177014751229265
1817,40.19859988332361
1818,40.220185015417954
1819,40.24177014751229
1820,40.263355279606635
1821,40.28494041170097
1822,40.30652554379532
1823,40.328110675889654
1824,40.349695807984
1825,40.371280940078336
1826,40.39286607217268
1827,40.414451204267024
1828,40.43603633636136
1829,40.457621468455706
1830,40.47920660055004
1831,40.50079173264439
1832,40.522376864738725
1833,40.54396199683307
1834,40.565547128927406
1835,40.58713226102175
1836,40.608717393116095
1837,40.63030252521043
1838,40.651887657304776
1839,40.67347278939911
1840,40.69505792149346
1841,40.716643053587795
1842,40.73822818568214
1843,40.759813317776484
1844,40.78139844987082
1845,40.802983581965165
1846,40.8245687140595
1847,40.84615384615385
1848,40.867738978248184
1849,40.88932411034253
1850,40.910909242436865
1851,40.93249437453121
1852,40.954079506625554
1853,40.97566463871989
1854,40.997249770814236
1855,41.01883490290857
1856,41.04042003500292
1857,41.062005167097254
1858,41.0835902991916
1859,41.105175431285936
1860,41.12676056338028
1861,41.148345695474625
1862,41.16993082756896
1863,41.191515959663306
1864,41.21310109175764
1865,41.23468622385199
1866,41.256271355946325
1867,41.27785648804067
1868,41.29944162013501
1869,41.32102675222935
1870,41.342611884323695
1871,41.36419701641803
1872,41.38578214851238
1873,41.407367280606714
1874,41.42895241270106
1875,41.450537544795395
1876,41.47212267688974
1877,41.493707808984084
1878,41.51529294107842
1879,41.536878073172765
1880,41.5584632052671
1881,41.58004833736145
1882,41.601633469455784
1883,41.62321860155013
1884,41.64480373364447
1885,41.66638886573881
1886,41.687973997833154
1887,41.70955912992749
1888,41.731144262021836
1889,41.75272939411617
1890,41.77431452621052
1891,41.795899658304855
1892,41.8174847903992
1893,41.83906992249354
1894,41.86065505458788
1895,41.882240186682225
1896,41.90382531877656
1897,41.925410450870906
1898,41.94699558296524
1899,41.96858071505959
1900,41.990165847153925
1901,42.01175097924827
1902,42.033336111342614
1903,42.05492124343695
1904,42.076506375531295
1905,42.09809150762563
1906,42.11967663971998
1907,42.141261771814314
1908,42.16284690390866
1909,42.184432036003
1910,42.20601716809734
1911,42.227602300191684
1912,42.24918743228602
1913,42.270772564380366
1914,42.2923576964747
1915,42.31394282856905
1916,42.335527960663384
1917,42.35711309275773
1918,42.37869822485207
1919,42.40028335694641
1920,42.421868489040754
1921,42.44345362113509
1922,42.465038753229436
1923,42.48662388532377
1924,42.50820901741812
1925,42.529794149512455
1926,42.5513792816068
1927,42.57296441370114
1928,42.59454954579548
1929,42.616134677889825
1930,42.63771980998416
1931,42.659304942078506
1932,42.680890074172844
1933,42.70247520626719
1934,42.72406033836153
1935,42.74564547045587
1936,42.767230602550214
1937,42.78881573464455
1938,42.810400866738895
1939,42.83198599883323
1940,42.85357113092758
1941,42.875156263021914
1942,42.89674139511626
1943,42.9183265272106
1944,42.93991165930494
1945,42.961496791399284
1946,42.98308192349362
1947,43.004667055587966
1948,43.0262521876823
1949,43.04783731977665
1950,43.06942245187099
1951,43.09100758396533
1952,43.11259271605967
1953,43.13417784815401
1954,43.155762980248355
1955,43.17734811234269
1956,43.198933244437036
1957,43.22051837653137
1958,43.24210350862572
1959,43.26368864072006
1960,43.2852737728144
1961,43.306858904908744
1962,43.32844403700308
1963,43.350029169097425
1964,43.37161430119176
1965,43.39319943328611
1966,43.414784565380444
1967,43.43636969747479
1968,43.45795482956913
1969,43.47953996166347
1970,43.501125093757814
1971,43.52271022585215
1972,43.544295357946496
1973,43.56588049004083
1974,43.58746562213518
1975,43.60905075422952
1976,43.63063588632386
1977,43.6522210184182
1978,43.67380615051254
1979,43.695391282606884
1980,43.71697641470122
1981,43.738561546795566
1982,43.7601466788899
1983,43.78173181098425
1984,43.80331694307859
1985,43.82490207517293
1986,43.84648720726727
1987,43.86807233936161
1988,43.889657471455955
1989,43.91124260355029
1990,43.932827735644636
1991,43.954412867738974
1992,43.97599799983332
1993,43.99758313192766
1994,44.019168264022
1995,44.040753396116344
1996,44.06233852821068
1997,44.083923660305025
1998,44.10550879239936
1999,44.12709392449371
2000,44.14867905658805
2001,44.17026418868239
2002,44.19184932077673
2003,44.21343445287107
2004,44.235019584965414
2005,44.25660471705975
2006,44.278189849154096
2007,44.29977498124843
2008,44.32136011334278
2009,44.34294524543712
2010,44.36453037753146
2011,44.3861155096258
2012,44.40770064172014
2013,44.429285773814485
2014,44.45087090590882
2015,44.472456038003166
2016,44.49404117009751
2017,44.51562630219185
2018,44.53721143428619
2019,44.55879656638053
2020,44.58038169847487
2021,44.60196683056921
2022,44.623551962663555
2023,44.64513709475789
2024,44.66672222685224
2025,44.68830735894658
2026,44.70989249104092
2027,44.73147762313526
2028,44.7530627552296
2029,44.774647887323944
2030,44.79623301941828
2031,44.817818151512625
2032,44.83940328360696
2033,44.86098841570131
2034,44.88257354779565
2035,44.90415867988999
2036,44.92574381198433
2037,44.94732894407867
2038,44.968914076173014
2039,44.99049920826735
2040,45.012084340361696
2041,45.03366947245604
2042,45.05525460455038
2043,45.07683973664472
2044,45.09842486873906
2045,45.1200100008334
2046,45.14159513292774
2047,45.163180265022085
2048,45.18476539711642
2049,45.206350529210766
2050,45.22793566130511
2051,45.24952079339945
2052,45.27110592549379
2053,45.29269105758813
2054,45.314276189682474
2055,45.33586132177681
2056,45.357446453871155
2057,45.37903158596549
2058,45.40061671805984
2059,45.42220185015418
2060,45.44378698224852
2061,45.46537211434286
2062,45.4869572464372
2063,45.508542378531544
2064,45.53012751062588
2065,45.551712642720226
2066,45.57329777481457
2067,45.59488290690891
2068,45.61646803900325
2069,45.63805317109759
2070,45.65963830319193
2071,45.68122343528627
2072,45.702808567380615
2073,45.72439369947495
2074,45.745978831569296
2075,45.76756396366364
2076,45.78914909575798
2077,45.81073422785232
2078,45.83231935994666
2079,45.853904492041
2080,45.87548962413534
2081,45.897074756229685
2082,45.91865988832402
2083,45.94024502041837
2084,45.96183015251271
2085,45.98341528460705
2086,46.00500041670139
2087,46.02658554879573
2088,46.048170680890074
2089,46.06975581298441
2090,46.091340945078755
2091,46.1129260771731
2092,46.13451120926744
2093,46.15609634136178
2094,46.17768147345612
2095,46.19926660555046
2096,46.2208517376448
2097,46.242436869739144
2098,46.26402200183348
2099,46.285607133927826
2100,46.30719226602217
2101,46.32877739811651
2102,46.35036253021085
2103,46.37194766230519
2104,46.39353279439953
2105,46.41511792649387
2106,46.436703058588215
2107,46.45828819068256
2108,46.479873322776896
2109,46.50145845487124
2110,46.52304358696558
2111,46.54462871905992
2112,46.56621385115426
2113,46.587798983248604
2114,46.60938411534294
2115,46.630969247437285
2116,46.65255437953163
2117,46.67413951162597
2118,46.69572464372031
2119,46.71730977581465
2120,46.73889490790899
2121,46.76048004000333
2122,46.782065172097674
2123,46.80365030419201
2124,46.825235436286356
2125,46.8468205683807
2126,46.86840570047504
2127,46.88999083256938
2128,46.91157596466372
2129,46.93316109675806
2130,46.9547462288524
2131,46.976331360946745
2132,46.99791649304109
2133,47.019501625135426
2134,47.04108675722977
2135,47.06267188932411
2136,47.08425702141845
2137,47.10584215351279
2138,47.12742728560713
2139,47.14901241770147
2140,47.170597549795815
2141,47.19218268189016
2142,47.2137678139845
2143,47.23535294607884
2144,47.25693807817318
2145,47.27852321026752
2146,47.30010834236186
2147,47.321693474456204
2148,47.34327860655054
2149,47.364863738644885
2150,47.38644887073923
2151,47.40803400283357
2152,47.42961913492791
2153,47.45120426702225
2154,47.47278939911659
2155,47.49437453121093
2156,47.515959663305274
2157,47.53754479539962
2158,47.559129927493956
2159,47.5807150595883
2160,47.60230019168264
2161,47.62388532377698
2162,47.64547045587132
2163,47.66705558796566
2164,47.68864072006
2165,47.710225852154345
2166,47.73181098424869
2167,47.753396116343026
2168,47.77498124843737
2169,47.79656638053171
2170,47.81815151262605
2171,47.83973664472039
2172,47.861321776814734
2173,47.88290690890908
2174,47.904492041003415
2175,47.92607717309776
2176,47.9476623051921
2177,47.96924743728644
2178,47.99083256938078
2179,48.01241770147512
2180,48.03400283356946
2181,48.055587965663804
2182,48.07717309775815
2183,48.098758229852486
2184,48.12034336194683
2185,48.14192849404117
2186,48.16351362613551
2187,48.18509875822985
2188,48.20668389032419
2189,48.22826902241853
2190,48.249854154512875
2191,48.27143928660722
2192,48.293024418701556
2193,48.3146095507959
2194,48.33619468289024
2195,48.35777981498458
2196,48.37936494707892
2197,48.40095007917326
2198,48.42253521126761
2199,48.444120343361945
2200,48.46570547545629
2201,48.48729060755063
2202,48.50887573964497
2203,48.53046087173931
2204,48.55204600383365
2205,48.57363113592799
2206,48.595216268022334
2207,48.61680140011668
2208,48.638386532211015
2209,48.65997166430536
2210,48.6815567963997
2211,48.70314192849404
2212,48.72472706058838
2213,48.74631219268272
2214,48.76789732477706
2215,48.789482456871404
2216,48.81106758896575
2217,48.832652721060086
2218,48.85423785315443
2219,48.87582298524877
2220,48.89740811734311
2221,48.91899324943745
2222,48.94057838153179
2223,48.96216351362614
2224,48.983748645720475
2225,49.00533377781482
2226,49.026918909909156
2227,49.0485040420035
2228,49.07008917409784
2229,49.09167430619218
2230,49.11325943828652
2231,49.134844570380864
2232,49.15642970247521
2233,49.178014834569545
2234,49.19959996666389
2235,49.22118509875823
2236,49.24277023085257
2237,49.26435536294691
2238,49.28594049504125
2239,49.3075256271356
2240,49.329110759229934
2241,49.35069589132428
2242,49.372281023418616
2243,49.39386615551296
2244,49.4154512876073
2245,49.43703641970164
2246,49.45862155179598
2247,49.48020668389032
2248,49.50179181598467
2249,49.523376948079004
2250,49.54496208017335
2251,49.566547212267686
2252,49.58813234436203
2253,49.60971747645637
2254,49.63130260855071
2255,49.65288774064505
2256,49.67447287273939
2257,49.69605800483374
2258,49.717643136928075
2259,49.73922826902242
2260,49.760813401116756
2261,49.7823985332111
2262,49.80398366530544
2263,49.82556879739978
2264,49.84715392949413
2265,49.868739061588464
2266,49.89032419368281
2267,49.911909325777145
2268,49.93349445787149
2269,49.95507958996583
2270,49.97666472206017
2271,49.99824985415451
2272,50.01983498624885
2273,50.0414201183432
2274,50.063005250437534
2275,50.08459038253188
2276,50.106175514626216
2277,50.12776064672056
2278,50.1493457788149
2279,50.17093091090924
2280,50.19251604300358
2281,50.21410117509792
2282,50.23568630719227
2283,50.257271439286605
2284,50.27885657138095
2285,50.300441703475286
2286,50.32202683556963
2287,50.34361196766397
2288,50.36519709975831
2289,50.386782231852656
2290,50.408367363946994
2291,50.42995249604134
2292,50.451537628135675
2293,50.47312276023002
2294,50.49470789232436
2295,50.5162930244187
2296,50.53787815651304
2297,50.55946328860738
2298,50.58104842070173
2299,50.602633552796064
2300,50.62421868489041
2301,50.645803816984746
2302,50.66738894907909
2303,50.68897408117343
2304,50.71055921326777
2305,50.732144345362116
2306,50.75372947745645
2307,50.7753146095508
2308,50.796899741645134
2309,50.81848487373948
2310,50.840070005833816
2311,50.86165513792816
2312,50.8832402700225
2313,50.90482540211684
2314,50.926410534211186
2315,50.94799566630552
2316,50.96958079839987
2317,50.991165930494205
2318,51.01275106258855
2319,51.034336194682886
2320,51.05592132677723
2321,51.07750645887157
2322,51.09909159096591
2323,51.12067672306026
2324,51.142261855154594
2325,51.16384698724894
2326,51.185432119343275
2327,51.20701725143762
2328,51.22860238353196
2329,51.2501875156263
2330,51.271772647720645
2331,51.29335777981498
2332,51.31494291190933
2333,51.336528044003664
2334,51.35811317609801
2335,51.379698308192346
2336,51.40128344028669
2337,51.42286857238103
2338,51.44445370447537
2339,51.466038836569716
2340,51.48762396866405
2341,51.5092091007584
2342,51.530794232852735
2343,51.55237936494708
2344,51.573964497041416
2345,51.59554962913576
2346,51.6171347612301
2347,51.63871989332444
2348,51.660305025418786
2349,51.68189015751312
2350,51.70347528960747
2351,51.725060421701805
2352,51.74664555379615
2353,51.76823068589049
2354,51.78981581798483
2355,51.811400950079175
2356,51.83298608217351
2357,51.85457121426786
2358,51.876156346362194
2359,51.89774147845654
2360,51.919326610550876
2361,51.94091174264522
2362,51.96249687473956
2363,51.9840820068339
2364,52.005667138928246
2365,52.02725227102258
2366,52.04883740311693
2367,52.070422535211264
2368,52.09200766730561
2369,52.113592799399946
2370,52.13517793149429
2371,52.15676306358863
2372,52.17834819568297
2373,52.199933327777316
2374,52.22151845987165
2375,52.243103591966
2376,52.264688724060335
2377,52.28627385615468
2378,52.307858988249016
2379,52.32944412034336
2380,52.351029252437705
2381,52.37261438453204
2382,52.39419951662639
2383,52.415784648720724
2384,52.43736978081507
2385,52.458954912909405
2386,52.48054004500375
2387,52.50212517709809
2388,52.52371030919243
2389,52.545295441286775
2390,52.56688057338111
2391,52.58846570547546
2392,52.610050837569794
2393,52.63163596966414
2394,52.653221101758476
2395,52.67480623385282
2396,52.696391365947164
2397,52.7179764980415
2398,52.739561630135846
2399,52.76114676223018
2400,52.78273189432453
2401,52.804317026418865
2402,52.82590215851321
2403,52.847487290607546
2404,52.86907242270189
2405,52.890657554796235
2406,52.91224268689057
2407,52.933827818984916
2408,52.95541295107925
2409,52.9769980831736
2410,52.998583215267935
2411,53.02016834736228
2412,53.04175347945662
2413,53.06333861155096
2414,53.084923743645305
2415,53.10650887573964
2416,53.12809400783399
2417,53.149679139928324
2418,53.17126427202267
2419,53.192849404117005
2420,53.21443453621135
2421,53.236019668305694
2422,53.25760480040003
2423,53.279189932494376
2424,53.30077506458871
2425,53.32236019668306
2426,53.343945328777394
2427,53.36553046087174
2428,53.387115592966076
2429,53.40870072506042
2430,53.430285857154765
2431,53.4518709892491
2432,53.473456121343446
2433,53.49504125343778
2434,53.51662638553213
2435,53.538211517626465
2436,53.55979664972081
2437,53.581381781815146
2438,53.60296691390949
2439,53.624552046003835
2440,53.64613717809817
2441,53.66772231019252
2442,53.689307442286854
2443,53.7108925743812
2444,53.732477706475535
2445,53.75406283856988
2446,53.775647970664224
2447,53.79723310275856
2448,53.818818234852905
2449,53.84040336694724
2450,53.86198849904159
2451,53.883573631135924
2452,53.90515876323027
2453,53.926743895324606
2454,53.94832902741895
2455,53.969914159513294
2456,53.99149929160763
2457,54.013084423701976
2458,54.03466955579631
2459,54.05625468789066
2460,54.077839819984995
2461,54.09942495207934
2462,54.12101008417368
2463,54.14259521626802
2464,54.164180348362365
2465,54.1857654804567
2466,54.207350612551046
2467,54.22893574464538
2468,54.25052087673973
2469,54.272106008834065
2470,54.29369114092841
2471,54.315276273022754
2472,54.33686140511709
2473,54.358446537211435
2474,54.38003166930577
2475,54.40161680140012
2476,54.423201933494454
2477,54.4447870655888
2478,54.466372197683135
2479,54.48795732977748
2480,54.509542461871824
2481,54.53112759396616
2482,54.552712726060506
2483,54.57429785815484
2484,54.59588299024919
2485,54.617468122343524
2486,54.63905325443787
2487,54.66063838653221
2488,54.68222351862655
2489,54.703808650720894
2490,54.72539378281523
2491,54.746978914909576
2492,54.76856404700391
2493,54.79014917909826
2494,54.811734311192595
2495,54.83331944328694
2496,54.85490457538128
2497,54.87648970747562
2498,54.898074839569965
2499,54.9196599716643
2500,54.94124510375865
2501,54.962830235852984
2502,54.98441536794733
2503,55.006000500041665
2504,55.02758563213601
2505,55.049170764230354
2506,55.07075589632469
2507,55.092341028419035
2508,55.11392616051337
2509,55.13551129260772
2510,55.157096424702054
2511,55.1786815567964
2512,55.20026668889074
2513,55.22185182098508
2514,55.243436953079424
2515,55.26502208517376
2516,55.286607217268106
2517,55.30819234936244
2518,55.32977748145679
2519,55.351362613551125
2520,55.37294774564547
2521,55.39453287773981
2522,55.41611800983415
2523,55.437703141928495
2524,55.45928827402283
2525,55.480873406117176
2526,55.50245853821151
2527,55.52404367030586
2528,55.5456288024002
2529,55.56721393449454
2530,55.588799066588884
2531,55.61038419868322
2532,55.631969330777565
2533,55.6535544628719
2534,55.67513959496625
2535,55.696724727060584
2536,55.71830985915493
2537,55.73989499124927
2538,55.76148012334361
2539,55.783065255437954
2540,55.80465038753229
2541,55.826235519626636
2542,55.84782065172097
2543,55.86940578381532
2544,55.890990915909654
2545,55.912576048004
2546,55.93416118009834
2547,55.95574631219268
2548,55.977331444287024
2549,55.99891657638136
2550,56.020501708475706
2551,56.04208684057004
2552,56.06367197266439
2553,56.08525710475873
2554,56.10684223685307
2555,56.12842736894741
2556,56.15001250104175
2557,56.171597633136095
2558,56.19318276523043
2559,56.214767897324776
2560,56.236353029419114
2561,56.25793816151346
2562,56.2795232936078
2563,56.30110842570214
2564,56.322693557796484
2565,56.34427868989082
2566,56.365863821985165
2567,56.3874489540795
2568,56.40903408617385
2569,56.430619218268184
2570,56.45220435036253
2571,56.47378948245687
2572,56.49537461455121
2573,56.516959746645554
2574,56.53854487873989
2575,56.560130010834236
2576,56.58171514292857
2577,56.60330027502292
2578,56.62488540711726
2579,56.6464705392116
2580,56.66805567130594
2581,56.68964080340028
2582,56.711225935494625
2583,56.73281106758896
2584,56.754396199683306
2585,56.77598133177764
2586,56.79756646387199
2587,56.81915159596633
2588,56.84073672806067
2589,56.862321860155014
2590,56.88390699224935
2591,56.905492124343695
2592,56.92707725643803
2593,56.94866238853238
2594,56.970247520626714
2595,56.99183265272106
2596,57.0134177848154
2597,57.03500291690974
2598,57.056588049004084
2599,57.07817318109842
2600,57.099758313192766
2601,57.1213434452871
2602,57.14292857738145
2603,57.16451370947579
2604,57.18609884157013
2605,57.20768397366447
2606,57.22926910575881
2607,57.250854237853154
2608,57.27243936994749
2609,57.294024502041836
2610,57.31560963413617
2611,57.33719476623052
2612,57.35877989832486
2613,57.3803650304192
2614,57.40195016251354
2615,57.42353529460788
2616,57.445120426702225
2617,57.46670555879656
2618,57.488290690890906
2619,57.50987582298525
2620,57.53146095507959
2621,57.55304608717393
2622,57.57463121926827
2623,57.596216351362614
2624,57.61780148345695
2625,57.639386615551295
2626,57.66097174764563
2627,57.68255687973998
2628,57.70414201183432
2629,57.72572714392866
2630,57.747312276023
2631,57.76889740811734
2632,57.790482540211684
2633,57.81206767230602
2634,57.833652804400366
2635,57.8552379364947
2636,57.87682306858905
2637,57.89840820068339
2638,57.91999333277773
2639,57.94157846487207
2640,57.96316359696641
2641,57.984748729060755
2642,58.00633386115509
2643,58.027918993249436
2644,58.04950412534378
2645,58.07108925743812
2646,58.09267438953246
2647,58.1142595216268
2648,58.13584465372114
2649,58.15742978581548
2650,58.179014917909825
2651,58.20060005000416
2652,58.22218518209851
2653,58.24377031419285
2654,58.26535544628719
2655,58.28694057838153
2656,58.30852571047587
2657,58.330110842570214
2658,58.35169597466455
2659,58.373281106758895
2660,58.39486623885323
2661,58.41645137094758
2662,58.43803650304192
2663,58.45962163513626
2664,58.4812067672306
2665,58.50279189932494
2666,58.524377031419284
2667,58.54596216351362
2668,58.567547295607966
2669,58.58913242770231
2670,58.61071755979665
2671,58.63230269189099
2672,58.65388782398533
2673,58.67547295607967
2674,58.69705808817401
2675,58.718643220268355
2676,58.74022835236269
2677,58.761813484457036
2678,58.78339861655138
2679,58.80498374864572
2680,58.82656888074006
2681,58.8481540128344
2682,58.869739144928744
2683,58.89132427702308
2684,58.912909409117425
2685,58.93449454121177
2686,58.95607967330611
2687,58.97766480540045
2688,58.99924993749479
2689,59.02083506958913
2690,59.04242020168347
2691,59.064005333777814
2692,59.08559046587215
2693,59.107175597966496
2694,59.12876073006084
2695,59.15034586215518
2696,59.17193099424952
2697,59.19351612634386
2698,59.2151012584382
2699,59.23668639053254
2700,59.258271522626885
2701,59.27985665472122
2702,59.301441786815566
2703,59.32302691890991
2704,59.34461205100425
2705,59.36619718309859
2706,59.38778231519293
2707,59.40936744728727
2708,59.43095257938161
2709,59.452537711475955
2710,59.4741228435703
2711,59.49570797566464
2712,59.51729310775898
2713,59.53887823985332
2714,59.56046337194766
2715,59.582048504042
2716,59.603633636136344
2717,59.62521876823068
2718,59.646803900325025
2719,59.66838903241937
2720,59.68997416451371
2721,59.71155929660805
2722,59.73314442870239
2723,59.75472956079673
2724,59.77631469289107
2725,59.797899824985414
2726,59.81948495707975
2727,59.841070089174096
2728,59.86265522126844
2729,59.88424035336278
2730,59.90582548545712
2731,59.92741061755146
2732,59.9489957496458
2733,59.97058088174014
2734,59.992166013834485
2735,60.01375114592883
2736,60.035336278023166
2737,60.05692141011751
2738,60.07850654221185
2739,60.10009167430619
2740,60.12167680640053
2741,60.143261938494874
2742,60.16484707058921
2743,60.186432202683555
2744,60.2080173347779
2745,60.22960246687224
2746,60.25118759896658
2747,60.27277273106092
2748,60.29435786315526
2749,60.3159429952496
2750,60.337528127343944
2751,60.35911325943829
2752,60.380698391532626
2753,60.40228352362697
2754,60.42386865572131
2755,60.44545378781565
2756,60.46703891990999
2757,60.48862405200433
2758,60.51020918409867
2759,60.531794316193015
2760,60.55337944828736
2761,60.574964580381696
2762,60.59654971247604
2763,60.61813484457038
2764,60.63971997666472
2765,60.66130510875906
2766,60.6828902408534
2767,60.70447537294774
2768,60.726060505042085
2769,60.74764563713643
2770,60.76923076923077
2771,60.79081590132511
2772,60.81240103341945
2773,60.83398616551379
2774,60.85557129760813
2775,60.877156429702474
2776,60.89874156179682
2777,60.920326693891155
2778,60.9419118259855
2779,60.96349695807984
2780,60.98508209017418
2781,61.00666722226852
2782,61.02825235436286
2783,61.0498374864572
2784,61.071422618551544
2785,61.09300775064589
2786,61.114592882740226
2787,61.13617801483457
2788,61.15776314692891
2789,61.17934827902325
2790,61.20093341111759
2791,61.22251854321193
2792,61.24410367530627
2793,61.265688807400615
2794,61.28727393949496
2795,61.308859071589296
2796,61.33044420368364
2797,61.35202933577798
2798,61.37361446787232
2799,61.39519959996666
2800,61.416784732061004
2801,61.43836986415535
2802,61.459954996249685
2803,61.48154012834403
2804,61.50312526043837
2805,61.52471039253271
2806,61.54629552462705
2807,61.56788065672139
2808,61.58946578881573
2809,61.611050920910074
2810,61.63263605300442
2811,61.654221185098756
2812,61.6758063171931
2813,61.69739144928744
2814,61.71897658138178
2815,61.74056171347612
2816,61.76214684557046
2817,61.7837319776648
2818,61.805317109759145
2819,61.82690224185349
2820,61.848487373947826
2821,61.87007250604217
2822,61.89165763813651
2823,61.91324277023085
2824,61.93482790232519
2825,61.95641303441953
2826,61.97799816651388
2827,61.999583298608215
2828,62.02116843070256
2829,62.0427535627969
2830,62.06433869489124
2831,62.08592382698558
2832,62.10750895907992
2833,62.12909409117426
2834,62.150679223268604
2835,62.17226435536295
2836,62.193849487457285
2837,62.21543461955163
2838,62.23701975164597
2839,62.25860488374031
2840,62.28019001583465
2841,62.30177514792899
2842,62.32336028002334
2843,62.344945412117674
2844,62.36653054421202
2845,62.388115676306356
2846,62.4097008084007
2847,62.43128594049504
2848,62.45287107258938
2849,62.47445620468372
2850,62.49604133677806
2851,62.51762646887241
2852,62.539211600966745
2853,62.56079673306109
2854,62.582381865155426
2855,62.60396699724977
2856,62.62555212934411
2857,62.64713726143845
2858,62.66872239353279
2859,62.690307525627134
2860,62.71189265772148
2861,62.733477789815815
2862,62.75506292191016
2863,62.7766480540045
2864,62.79823318609884
2865,62.81981831819318
2866,62.84140345028752
2867,62.86298858238187
2868,62.884573714476204
2869,62.90615884657055
2870,62.927743978664886
2871,62.94932911075923
2872,62.97091424285357
2873,62.99249937494791
2874,63.01408450704225
2875,63.03566963913659
2876,63.05725477123094
2877,63.078839903325274
2878,63.10042503541962
2879,63.122010167513956
2880,63.1435952996083
2881,63.16518043170264
2882,63.18676556379698
2883,63.20835069589132
2884,63.22993582798566
2885,63.25152096008001
2886,63.273106092174345
2887,63.29469122426869
2888,63.316276356363026
2889,63.33786148845737
2890,63.35944662055171
2891,63.38103175264605
2892,63.4026168847404
2893,63.424202016834734
2894,63.44578714892908
2895,63.467372281023415
2896,63.48895741311776
2897,63.5105425452121
2898,63.53212767730644
2899,63.55371280940078
2900,63.57529794149512
2901,63.59688307358947
2902,63.618468205683804
2903,63.64005333777815
2904,63.661638469872486
2905,63.68322360196683
2906,63.70480873406117
2907,63.72639386615551
2908,63.747978998249856
2909,63.76956413034419
2910,63.79114926243854
2911,63.812734394532875
2912,63.83431952662722
2913,63.855904658721556
2914,63.8774897908159
2915,63.89907492291024
2916,63.92066005500458
2917,63.942245187098926
2918,63.963830319193264
2919,63.98541545128761
2920,64.00700058338194
2921,64.02858571547628
2922,64.05017084757063
2923,64.07175597966497
2924,64.09334111175932
2925,64.11492624385366
2926,64.136511375948
2927,64.15809650804233
2928,64.17968164013668
2929,64.20126677223101
2930,64.22285190432535
2931,64.2444370364197
2932,64.26602216851404
2933,64.28760730060839
2934,64.30919243270273
2935,64.33077756479707
2936,64.3523626968914
2937,64.37394782898575
2938,64.39553296108008
2939,64.41711809317442
2940,64.43870322526877
2941,64.46028835736311
2942,64.48187348945746
2943,64.5034586215518
2944,64.52504375364614
2945,64.54662888574047
2946,64.56821401783482
2947,64.58979914992915
2948,64.6113842820235
2949,64.63296941411784
2950,64.65455454621218
2951,64.67613967830653
2952,64.69772481040087
2953,64.71930994249522
2954,64.74089507458955
2955,64.76248020668389
2956,64.78406533877822
2957,64.80565047087256
2958,64.82723560296691
2959,64.84882073506125
2960,64.8704058671556
2961,64.89199099924994
2962,64.91357613134429
2963,64.93516126343862
2964,64.95674639553296
2965,64.97833152762729
2966,64.99991665972163
2967,65.02150179181598
2968,65.04308692391032
2969,65.06467205600467
2970,65.08625718809901
2971,65.10784232019334
2972,65.12942745228769
2973,65.15101258438203
2974,65.17259771647637
2975,65.19418284857072
2976,65.21576798066505
2977,65.2373531127594
2978,65.25893824485374
2979,65.28052337694808
2980,65.30210850904241
2981,65.32369364113676
2982,65.3452787732311
2983,65.36686390532545
2984,65.38844903741979
2985,65.41003416951412
2986,65.43161930160846
2987,65.45320443370281
2988,65.47478956579715
2989,65.49637469789148
2990,65.51795982998583
2991,65.53954496208017
2992,65.56113009417452
2993,65.58271522626886
2994,65.60430035836319
2995,65.62588549045753
2996,65.64747062255188
2997,65.66905575464622
2998,65.69064088674055
2999,65.7122260188349
3000,65.73381115092924
3001,65.75539628302359
3002,65.77698141511793
3003,65.79856654721226
3004,65.8201516793066
3005,65.84173681140095
3006,65.8633219434953
3007,65.88490707558964
3008,65.90649220768397
3009,65.92807733977831
3010,65.94966247187266
3011,65.971247603967
3012,65.99283273606133
3013,66.01441786815568
3014,66.03600300025002
3015,66.05758813234436
3016,66.07917326443871
3017,66.10075839653304
3018,66.12234352862738
3019,66.14392866072173
3020,66.16551379281607
3021,66.1870989249104
3022,66.20868405700475
3023,66.23026918909909
3024,66.25185432119343
3025,66.27343945328778
3026,66.29502458538211
3027,66.31660971747645
3028,66.3381948495708
3029,66.35977998166514
3030,66.38136511375947
3031,66.40295024585382
3032,66.42453537794816
3033,66.4461205100425
3034,66.46770564213685
3035,66.48929077423118
3036,66.51087590632552
3037,66.53246103841987
3038,66.55404617051421
3039,66.57563130260854
3040,66.59721643470289
3041,66.61880156679723
3042,66.64038669889158
3043,66.66197183098592
3044,66.68355696308025
3045,66.7051420951746
3046,66.72672722726894
3047,66.74831235936328
3048,66.76989749145761
3049,66.79148262355196
3050,66.8130677556463
3051,66.83465288774065
3052,66.85623801983499
3053,66.87782315192932
3054,66.89940828402366
3055,66.92099341611801
3056,66.94257854821235
3057,66.9641636803067
3058,66.98574881240103
3059,67.00733394449537
3060,67.02891907658972
3061,67.05050420868406
3062,67.07208934077839
3063,67.09367447287273
3064,67.11525960496708
3065,67.13684473706142
3066,67.15842986915577
3067,67.1800150012501
3068,67.20160013334444
3069,67.22318526543879
3070,67.24477039753313
3071,67.26635552962746
3072,67.2879406617218
3073,67.30952579381615
3074,67.3311109259105
3075,67.35269605800484
3076,67.37428119009917
3077,67.39586632219351
3078,67.41745145428786
3079,67.4390365863822
3080,67.46062171847653
3081,67.48220685057088
3082,67.50379198266522
3083,67.52537711475956
3084,67.54696224685391
3085,67.56854737894824
3086,67.59013251104258
3087,67.61171764313693
3088,67.63330277523127
3089,67.6548879073256
3090,67.67647303941995
3091,67.69805817151429
3092,67.71964330360863
3093,67.74122843570298
3094,67.76281356779731
3095,67.78439869989165
3096,67.805983831986
3097,67.82756896408034
3098,67.84915409617469
3099,67.87073922826902
3100,67.89232436036336
3101,67.9139094924577
3102,67.93549462455205
3103,67.95707975664638
3104,67.97866488874072
3105,68.00025002083507
3106,68.02183515292941
3107,68.04342028502376
3108,68.06500541711809
3109,68.08659054921243
3110,68.10817568130678
3111,68.12976081340112
3112,68.15134594549545
3113,68.1729310775898
3114,68.19451620968414
3115,68.21610134177848
3116,68.23768647387283
3117,68.25927160596716
3118,68.2808567380615
3119,68.30244187015585
3120,68.32402700225019
3121,68.34561213434452
3122,68.36719726643886
3123,68.38878239853321
3124,68.41036753062755
3125,68.4319526627219
3126,68.45353779481623
3127,68.47512292691057
3128,68.49670805900492
3129,68.51829319109926
3130,68.53987832319359
3131,68.56146345528794
3132,68.58304858738228
3133,68.60463371947662
3134,68.62621885157097
3135,68.6478039836653
3136,68.66938911575964
3137,68.69097424785399
3138,68.71255937994833
3139,68.73414451204266
3140,68.755729644137
3141,68.77731477623135
3142,68.7988999083257
3143,68.82048504042004
3144,68.84207017251437
3145,68.86365530460871
3146,68.88524043670306
3147,68.9068255687974
3148,68.92841070089175
3149,68.94999583298608
3150,68.97158096508042
3151,68.99316609717476
3152,69.01475122926911
3153,69.03633636136344
3154,69.05792149345778
3155,69.07950662555213
3156,69.10109175764647
3157,69.12267688974082
3158,69.14426202183515
3159,69.16584715392949
3160,69.18743228602384
3161,69.20901741811818
3162,69.23060255021251
3163,69.25218768230685
3164,69.2737728144012
3165,69.29535794649554
3166,69.31694307858989
3167,69.33852821068422
3168,69.36011334277856
3169,69.3816984748729
3170,69.40328360696725
3171,69.42486873906158
3172,69.44645387115592
3173,69.46803900325027
3174,69.48962413534461
3175,69.51120926743896
3176,69.53279439953329
3177,69.55437953162763
3178,69.57596466372198
3179,69.59754979581632
3180,69.61913492791065
3181,69.640720060005
3182,69.66230519209934
3183,69.68389032419368
3184,69.70547545628803
3185,69.72706058838236
3186,69.7486457204767
3187,69.77023085257105
3188,69.79181598466539
3189,69.81340111675974
3190,69.83498624885407
3191,69.85657138094841
3192,69.87815651304275
3193,69.8997416451371
3194,69.92132677723143
3195,69.94291190932577
3196,69.96449704142012
3197,69.98608217351446
3198,70.0076673056088
3199,70.02925243770314
3200,70.05083756979748
3201,70.07242270189182
3202,70.09400783398617
3203,70.1155929660805
3204,70.13717809817484
3205,70.15876323026919
3206,70.18034836236353
3207,70.20193349445788
3208,70.2235186265522
3209,70.24510375864655
3210,70.2666888907409
3211,70.28827402283524
3212,70.30985915492957
3213,70.33144428702391
3214,70.35302941911826
3215,70.3746145512126
3216,70.39619968330695
3217,70.41778481540128
3218,70.43936994749562
3219,70.46095507958997
3220,70.48254021168431
3221,70.50412534377864
3222,70.52571047587298
3223,70.54729560796733
3224,70.56888074006167
3225,70.59046587215602
3226,70.61205100425035
3227,70.63363613634469
3228,70.65522126843904
3229,70.67680640053338
3230,70.69839153262772
3231,70.71997666472205
3232,70.7415617968164
3233,70.76314692891074
3234,70.78473206100509
3235,70.80631719309942
3236,70.82790232519376
3237,70.8494874572881
3238,70.87107258938245
3239,70.8926577214768
3240,70.91424285357112
3241,70.93582798566547
3242,70.95741311775981
3243,70.97899824985416
3244,71.00058338194849
3245,71.02216851404283
3246,71.04375364613718
3247,71.06533877823152
3248,71.08692391032586
3249,71.1085090424202
3250,71.13009417451454
3251,71.15167930660888
3252,71.17326443870323
3253,71.19484957079756
3254,71.2164347028919
3255,71.23801983498625
3256,71.25960496708059
3257,71.28119009917494
3258,71.30277523126927
3259,71.32436036336361
3260,71.34594549545795
3261,71.3675306275523
3262,71.38911575964663
3263,71.41070089174097
3264,71.43228602383532
3265,71.45387115592966
3266,71.475456288024
3267,71.49704142011834
3268,71.51862655221268
3269,71.54021168430702
3270,71.56179681640137
3271,71.5833819484957
3272,71.60496708059004
3273,71.62655221268439
3274,71.64813734477873
3275,71.66972247687308
3276,71.6913076089674
3277,71.71289274106175
3278,71.7344778731561
3279,71.75606300525044
3280,71.77764813734478
3281,71.79923326943911
3282,71.82081840153346
3283,71.8424035336278
3284,71.86398866572215
3285,71.88557379781648
3286,71.90715892991082
3287,71.92874406200517
3288,71.95032919409951
3289,71.97191432619385
3290,71.99349945828818
3291,72.01508459038253
3292,72.03666972247687
3293,72.05825485457122
3294,72.07983998666555
3295,72.10142511875989
3296,72.12301025085424
3297,72.14459538294858
3298,72.16618051504292
3299,72.18776564713725
3300,72.2093507792316
3301,72.23093591132594
3302,72.25252104342029
3303,72.27410617551462
3304,72.29569130760896
3305,72.3172764397033
3306,72.33886157179765
3307,72.360446703892
3308,72.38203183598633
3309,72.40361696808067
3310,72.42520210017501
3311,72.44678723226936
3312,72.46837236436369
3313,72.48995749645803
3314,72.51154262855238
3315,72.53312776064672
3316,72.55471289274107
3317,72.5762980248354
3318,72.59788315692974
3319,72.61946828902408
3320,72.64105342111843
3321,72.66263855321277
3322,72.6842236853071
3323,72.70580881740145
3324,72.72739394949579
3325,72.74897908159014
3326,72.77056421368447
3327,72.79214934577881
3328,72.81373447787315
3329,72.8353196099675
3330,72.85690474206184
3331,72.87848987415617
3332,72.90007500625052
3333,72.92166013834486
3334,72.9432452704392
3335,72.96483040253354
3336,72.98641553462788
3337,73.00800066672222
3338,73.02958579881657
3339,73.05117093091091
3340,73.07275606300524
3341,73.09434119509959
3342,73.11592632719393
3343,73.13751145928828
3344,73.1590965913826
3345,73.18068172347695
3346,73.2022668555713
3347,73.22385198766564
3348,73.24543711975998
3349,73.26702225185431
3350,73.28860738394866
3351,73.310192516043
3352,73.33177764813735
3353,73.35336278023168
3354,73.37494791232602
3355,73.39653304442037
3356,73.41811817651471
3357,73.43970330860905
3358,73.46128844070338
3359,73.48287357279773
3360,73.50445870489207
3361,73.52604383698642
3362,73.54762896908075
3363,73.56921410117509
3364,73.59079923326944
3365,73.61238436536378
3366,73.63396949745812
3367,73.65555462955246
3368,73.6771397616468
3369,73.69872489374114
3370,73.72031002583549
3371,73.74189515792983
3372,73.76348029002416
3373,73.7850654221185
3374,73.80665055421285
3375,73.8282356863072
3376,73.84982081840153
3377,73.87140595049587
3378,73.89299108259021
3379,73.91457621468456
3380,73.9361613467789
3381,73.95774647887323
3382,73.97933161096758
3383,74.00091674306192
3384,74.02250187515627
3385,74.0440870072506
3386,74.06567213934494
3387,74.08725727143928
3388,74.10884240353363
3389,74.13042753562797
3390,74.1520126677223
3391,74.17359779981665
3392,74.19518293191099
3393,74.21676806400534
3394,74.23835319609967
3395,74.25993832819401
3396,74.28152346028835
3397,74.3031085923827
3398,74.32469372447704
3399,74.34627885657137
3400,74.36786398866572
3401,74.38944912076006
3402,74.4110342528544
3403,74.43261938494874
3404,74.45420451704308
3405,74.47578964913743
3406,74.49737478123177
3407,74.51895991332611
3408,74.54054504542044
3409,74.56213017751479
3410,74.58371530960913
3411,74.60530044170348
3412,74.62688557379782
3413,74.64847070589215
3414,74.6700558379865
3415,74.69164097008084
3416,74.71322610217518
3417,74.73481123426951
3418,74.75639636636386
3419,74.7779814984582
3420,74.79956663055255
3421,74.82115176264689
3422,74.84273689474122
3423,74.86432202683557
3424,74.88590715892991
3425,74.90749229102425
3426,74.92907742311858
3427,74.95066255521293
3428,74.97224768730727
3429,74.99383281940162
3430,75.01541795149596
3431,75.03700308359029
3432,75.05858821568464
3433,75.08017334777898
3434,75.10175847987333
3435,75.12334361196766
3436,75.144928744062
3437,75.16651387615634
3438,75.18809900825069
3439,75.20968414034503
3440,75.23126927243936
3441,75.25285440453371
3442,75.27443953662805
3443,75.2960246687224
3444,75.31760980081673
3445,75.33919493291107
3446,75.36078006500541
3447,75.38236519709976
3448,75.4039503291941
3449,75.42553546128843
3450,75.44712059338278
3451,75.46870572547712
3452,75.49029085757147
3453,75.51187598966581
3454,75.53346112176014
3455,75.55504625385448
3456,75.57663138594883
3457,75.59821651804317
3458,75.6198016501375
3459,75.64138678223185
3460,75.66297191432619
3461,75.68455704642054
3462,75.70614217851488
3463,75.72772731060921
3464,75.74931244270356
3465,75.7708975747979
3466,75.79248270689224
3467,75.81406783898657
3468,75.83565297108092
3469,75.85723810317526
3470,75.8788232352696
3471,75.90040836736395
3472,75.92199349945828
3473,75.94357863155263
3474,75.96516376364697
3475,75.98674889574131
3476,76.00833402783564
3477,76.02991915992999
3478,76.05150429202433
3479,76.07308942411868
3480,76.09467455621302
3481,76.11625968830735
3482,76.1378448204017
3483,76.15942995249604
3484,76.18101508459038
3485,76.20260021668471
3486,76.22418534877906
3487,76.2457704808734
3488,76.26735561296775
3489,76.28894074506209
3490,76.31052587715642
3491,76.33211100925077
3492,76.35369614134511
3493,76.37528127343946
3494,76.39686640553379
3495,76.41845153762813
3496,76.44003666972247
3497,76.46162180181682
3498,76.48320693391116
3499,76.50479206600549
3500,76.52637719809984
3501,76.54796233019418
3502,76.56954746228853
3503,76.59113259438287
3504,76.6127177264772
3505,76.63430285857154
3506,76.65588799066589
3507,76.67747312276023
3508,76.69905825485456
3509,76.72064338694891
3510,76.74222851904325
3511,76.7638136511376
3512,76.78539878323194
3513,76.80698391532627
3514,76.82856904742061
3515,76.85015417951496
3516,76.8717393116093
3517,76.89332444370363
3518,76.91490957579798
3519,76.93649470789232
3520,76.95807983998667
3521,76.97966497208101
3522,77.00125010417534
3523,77.02283523626969
3524,77.04442036836403
3525,77.06600550045837
3526,77.0875906325527
3527,77.10917576464705
3528,77.13076089674139
3529,77.15234602883574
3530,77.17393116093008
3531,77.19551629302441
3532,77.21710142511876
3533,77.2386865572131
3534,77.26027168930744
3535,77.28185682140177
3536,77.30344195349612
3537,77.32502708559046
3538,77.34661221768481
3539,77.36819734977915
3540,77.38978248187348
3541,77.41136761396783
3542,77.43295274606217
3543,77.45453787815651
3544,77.47612301025086
3545,77.49770814234519
3546,77.51929327443953
3547,77.54087840653388
3548,77.56246353862822
3549,77.58404867072255
3550,77.6056338028169
3551,77.62721893491124
3552,77.64880406700559
3553,77.67038919909993
3554,77.69197433119426
3555,77.7135594632886
3556,77.73514459538295
3557,77.75672972747729
3558,77.77831485957162
3559,77.79989999166597
3560,77.82148512376031
3561,77.84307025585466
3562,77.864655387949
3563,77.88624052004333
3564,77.90782565213767
3565,77.92941078423202
3566,77.95099591632636
3567,77.9725810484207
3568,77.99416618051504
3569,78.01575131260938
3570,78.03733644470373
3571,78.05892157679807
3572,78.0805067088924
3573,78.10209184098674
3574,78.12367697308109
3575,78.14526210517543
3576,78.16684723726976
3577,78.18843236936411
3578,78.21001750145845
3579,78.2316026335528
3580,78.25318776564714
3581,78.27477289774147
3582,78.29635802983582
3583,78.31794316193016
3584,78.3395282940245
3585,78.36111342611883
3586,78.38269855821318
3587,78.40428369030752
3588,78.42586882240187
3589,78.44745395449621
3590,78.46903908659054
3591,78.49062421868489
3592,78.51220935077923
3593,78.53379448287357
3594,78.55537961496792
3595,78.57696474706225
3596,78.5985498791566
3597,78.62013501125094
3598,78.64172014334528
3599,78.66330527543961
3600,78.68489040753396
3601,78.7064755396283
3602,78.72806067172264
3603,78.74964580381699
3604,78.77123093591132
3605,78.79281606800566
3606,78.81440120010001
3607,78.83598633219435
3608,78.85757146428868
3609,78.87915659638303
3610,78.90074172847737
3611,78.92232686057172
3612,78.94391199266606
3613,78.96549712476039
3614,78.98708225685473
3615,79.00866738894908
3616,79.03025252104342
3617,79.05183765313775
3618,79.0734227852321
3619,79.09500791732644
3620,79.11659304942079
3621,79.13817818151513
3622,79.15976331360946
3623,79.1813484457038
3624,79.20293357779815
3625,79.2245187098925
3626,79.24610384198682
3627,79.26768897408117
3628,79.28927410617551
3629,79.31085923826986
3630,79.3324443703642
3631,79.35402950245853
3632,79.37561463455287
3633,79.39719976664722
3634,79.41878489874156
3635,79.44037003083591
3636,79.46195516293024
3637,79.48354029502458
3638,79.50512542711893
3639,79.52671055921327
3640,79.5482956913076
3641,79.56988082340195
3642,79.59146595549629
3643,79.61305108759063
3644,79.63463621968498
3645,79.65622135177931
3646,79.67780648387365
3647,79.699391615968
3648,79.72097674806234
3649,79.74256188015667
3650,79.76414701225102
3651,79.78573214434536
3652,79.8073172764397
3653,79.82890240853405
3654,79.85048754062838
3655,79.87207267272272
3656,79.89365780481707
3657,79.91524293691141
3658,79.93682806900574
3659,79.95841320110009
3660,79.97999833319443
3661,80.00158346528877
3662,80.02316859738312
3663,80.04475372947745
3664,80.0663388615718
3665,80.08792399366614
3666,80.10950912576048
3667,80.13109425785481
3668,80.15267938994916
3669,80.1742645220435
3670,80.19584965413785
3671,80.21743478623219
3672,80.23901991832652
3673,80.26060505042086
3674,80.28219018251521
3675,80.30377531460955
3676,80.3253604467039
3677,80.34694557879823
3678,80.36853071089257
3679,80.39011584298692
3680,80.41170097508126
3681,80.43328610717559
3682,80.45487123926993
3683,80.47645637136428
3684,80.49804150345862
3685,80.51962663555297
3686,80.5412117676473
3687,80.56279689974164
3688,80.58438203183599
3689,80.60596716393033
3690,80.62755229602466
3691,80.649137428119
3692,80.67072256021335
3693,80.6923076923077
3694,80.71389282440204
3695,80.73547795649637
3696,80.75706308859071
3697,80.77864822068506
3698,80.8002333527794
3699,80.82181848487373
3700,80.84340361696808
3701,80.86498874906242
3702,80.88657388115676
3703,80.90815901325111
3704,80.92974414534544
3705,80.95132927743978
3706,80.97291440953413
3707,80.99449954162847
3708,81.0160846737228
3709,81.03766980581715
3710,81.05925493791149
3711,81.08084007000583
3712,81.10242520210018
3713,81.12401033419451
3714,81.14559546628885
3715,81.1671805983832
3716,81.18876573047754
3717,81.21035086257187
3718,81.23193599466622
3719,81.25352112676056
3720,81.2751062588549
3721,81.29669139094925
3722,81.31827652304358
3723,81.33986165513792
3724,81.36144678723227
3725,81.38303191932661
3726,81.40461705142096
3727,81.42620218351529
3728,81.44778731560963
3729,81.46937244770398
3730,81.49095757979832
3731,81.51254271189265
3732,81.534127843987
3733,81.55571297608134
3734,81.57729810817568
3735,81.59888324027003
3736,81.62046837236436
3737,81.6420535044587
3738,81.66363863655305
3739,81.68522376864739
3740,81.70680890074172
3741,81.72839403283606
3742,81.74997916493041
3743,81.77156429702475
3744,81.7931494291191
3745,81.81473456121343
3746,81.83631969330777
3747,81.85790482540212
3748,81.87948995749646
3749,81.90107508959079
3750,81.92266022168513
3751,81.94424535377948
3752,81.96583048587382
3753,81.98741561796817
3754,82.0090007500625
3755,82.03058588215684
3756,82.05217101425119
3757,82.07375614634553
3758,82.09534127843986
3759,82.1169264105342
3760,82.13851154262855
3761,82.1600966747229
3762,82.18168180681724
3763,82.20326693891157
3764,82.22485207100591
3765,82.24643720310026
3766,82.2680223351946
3767,82.28960746728895
3768,82.31119259938328
3769,82.33277773147762
3770,82.35436286357196
3771,82.37594799566631
3772,82.39753312776064
3773,82.41911825985498
3774,82.44070339194933
3775,82.46228852404367
3776,82.48387365613802
3777,82.50545878823235
3778,82.52704392032669
3779,82.54862905242103
3780,82.57021418451538
3781,82.59179931660971
3782,82.61338444870405
3783,82.6349695807984
3784,82.65655471289274
3785,82.67813984498709
3786,82.69972497708142
3787,82.72131010917576
3788,82.7428952412701
3789,82.76448037336445
3790,82.78606550545878
3791,82.80765063755312
3792,82.82923576964747
3793,82.85082090174181
3794,82.87240603383616
3795,82.89399116593049
3796,82.91557629802483
3797,82.93716143011918
3798,82.95874656221352
3799,82.98033169430785
3800,83.0019168264022
3801,83.02350195849654
3802,83.04508709059088
3803,83.06667222268523
3804,83.08825735477956
3805,83.1098424868739
3806,83.13142761896825
3807,83.15301275106259
3808,83.17459788315693
3809,83.19618301525126
3810,83.21776814734561
3811,83.23935327943995
3812,83.2609384115343
3813,83.28252354362863
3814,83.30410867572297
3815,83.32569380781732
3816,83.34727893991166
3817,83.368864072006
3818,83.39044920410034
3819,83.41203433619468
3820,83.43361946828902
3821,83.45520460038337
3822,83.4767897324777
3823,83.49837486457204
3824,83.51995999666639
3825,83.54154512876073
3826,83.56313026085508
3827,83.5847153929494
3828,83.60630052504375
3829,83.6278856571381
3830,83.64947078923244
3831,83.67105592132677
3832,83.69264105342111
3833,83.71422618551546
3834,83.7358113176098
3835,83.75739644970415
3836,83.77898158179848
3837,83.80056671389282
3838,83.82215184598716
3839,83.84373697808151
3840,83.86532211017584
3841,83.88690724227018
3842,83.90849237436453
3843,83.93007750645887
3844,83.95166263855322
3845,83.97324777064755
3846,83.99483290274189
3847,84.01641803483624
3848,84.03800316693058
3849,84.05958829902491
3850,84.08117343111925
3851,84.1027585632136
3852,84.12434369530794
3853,84.14592882740229
3854,84.16751395949662
3855,84.18909909159096
3856,84.2106842236853
3857,84.23226935577965
3858,84.253854487874
3859,84.27543961996832
3860,84.29702475206267
3861,84.31860988415701
3862,84.34019501625136
3863,84.36178014834569
3864,84.38336528044003
3865,84.40495041253438
3866,84.42653554462872
3867,84.44812067672306
3868,84.4697058088174
3869,84.49129094091174
3870,84.51287607300608
3871,84.53446120510043
3872,84.55604633719476
3873,84.5776314692891
3874,84.59921660138345
3875,84.62080173347779
3876,84.64238686557213
3877,84.66397199766647
3878,84.68555712976081
3879,84.70714226185515
3880,84.7287273939495
3881,84.75031252604383
3882,84.77189765813817
3883,84.79348279023252
3884,84.81506792232686
3885,84.8366530544212
3886,84.85823818651554
3887,84.87982331860988
3888,84.90140845070422
3889,84.92299358279857
3890,84.9445787148929
3891,84.96616384698724
3892,84.98774897908159
3893,85.00933411117593
3894,85.03091924327028
3895,85.0525043753646
3896,85.07408950745895
3897,85.0956746395533
3898,85.11725977164764
3899,85.13884490374198
3900,85.16043003583631
3901,85.18201516793066
3902,85.203600300025
3903,85.22518543211935
3904,85.24677056421368
3905,85.26835569630802
3906,85.28994082840237
3907,85.31152596049671
3908,85.33311109259105
3909,85.35469622468538
3910,85.37628135677973
3911,85.39786648887407
3912,85.41945162096842
3913,85.44103675306275
3914,85.46262188515709
3915,85.48420701725144
3916,85.50579214934578
3917,85.52737728144012
3918,85.54896241353445
3919,85.5705475456288
3920,85.59213267772314
3921,85.61371780981749
3922,85.63530294191182
3923,85.65688807400616
3924,85.6784732061005
3925,85.70005833819485
3926,85.7216434702892
3927,85.74322860238352
3928,85.76481373447787
3929,85.78639886657221
3930,85.80798399866656
3931,85.82956913076089
3932,85.85115426285523
3933,85.87273939494958
3934,85.89432452704392
3935,85.91590965913826
3936,85.9374947912326
3937,85.95907992332694
3938,85.98066505542128
3939,86.00225018751563
3940,86.02383531960996
3941,86.0454204517043
3942,86.06700558379865
3943,86.08859071589299
3944,86.11017584798734
3945,86.13176098008167
3946,86.15334611217601
3947,86.17493124427035
3948,86.1965163763647
3949,86.21810150845904
3950,86.23968664055337
3951,86.26127177264772
3952,86.28285690474206
3953,86.3044420368364
3954,86.32602716893074
3955,86.34761230102508
3956,86.36919743311942
3957,86.39078256521377
3958,86.41236769730811
3959,86.43395282940244
3960,86.45553796149679
3961,86.47712309359113
3962,86.49870822568548
3963,86.5202933577798
3964,86.54187848987415
3965,86.5634636219685
3966,86.58504875406284
3967,86.60663388615718
3968,86.62821901825151
3969,86.64980415034586
3970,86.6713892824402
3971,86.69297441453455
3972,86.71455954662888
3973,86.73614467872322
3974,86.75772981081757
3975,86.77931494291191
3976,86.80090007500625
3977,86.82248520710058
3978,86.84407033919493
3979,86.86565547128927
3980,86.88724060338362
3981,86.90882573547795
3982,86.93041086757229
3983,86.95199599966664
3984,86.97358113176098
3985,86.99516626385532
3986,87.01675139594965
3987,87.038336528044
3988,87.05992166013834
3989,87.08150679223269
3990,87.10309192432703
3991,87.12467705642136
3992,87.1462621885157
3993,87.16784732061005
3994,87.1894324527044
3995,87.21101758479873
3996,87.23260271689307
3997,87.25418784898741
3998,87.27577298108176
3999,87.2973581131761
4000,87.31894324527043
4001,87.34052837736478
4002,87.36211350945912
4003,87.38369864155347
4004,87.4052837736478
4005,87.42686890574214
4006,87.44845403783648
4007,87.47003916993083
4008,87.49162430202517
4009,87.5132094341195
4010,87.53479456621385
4011,87.55637969830819
4012,87.57796483040254
4013,87.59954996249687
4014,87.62113509459121
4015,87.64272022668555
4016,87.6643053587799
4017,87.68589049087424
4018,87.70747562296857
4019,87.72906075506292
4020,87.75064588715726
4021,87.7722310192516
4022,87.79381615134594
4023,87.81540128344028
4024,87.83698641553462
4025,87.85857154762897
4026,87.88015667972331
4027,87.90174181181764
4028,87.92332694391199
4029,87.94491207600633
4030,87.96649720810068
4031,87.98808234019502
4032,88.00966747228935
4033,88.0312526043837
4034,88.05283773647804
4035,88.07442286857238
4036,88.09600800066671
4037,88.11759313276106
4038,88.1391782648554
4039,88.16076339694975
4040,88.18234852904409
4041,88.20393366113842
4042,88.22551879323277
4043,88.24710392532711
4044,88.26868905742145
4045,88.29027418951578
4046,88.31185932161013
4047,88.33344445370447
4048,88.35502958579882
4049,88.37661471789316
4050,88.39819984998749
4051,88.41978498208184
4052,88.44137011417618
4053,88.46295524627052
4054,88.48454037836485
4055,88.5061255104592
4056,88.52771064255354
4057,88.54929577464789
4058,88.57088090674223
4059,88.59246603883656
4060,88.6140511709309
4061,88.63563630302525
4062,88.6572214351196
4063,88.67880656721393
4064,88.70039169930827
4065,88.72197683140261
4066,88.74356196349696
4067,88.7651470955913
4068,88.78673222768563
4069,88.80831735977998
4070,88.82990249187432
4071,88.85148762396867
4072,88.873072756063
4073,88.89465788815734
4074,88.91624302025168
4075,88.93782815234603
4076,88.95941328444037
4077,88.9809984165347
4078,89.00258354862905
4079,89.02416868072339
4080,89.04575381281774
4081,89.06733894491208
4082,89.08892407700641
4083,89.11050920910075
4084,89.1320943411951
4085,89.15367947328944
4086,89.17526460538377
4087,89.19684973747812
4088,89.21843486957246
4089,89.2400200016668
4090,89.26160513376115
4091,89.28319026585548
4092,89.30477539794983
4093,89.32636053004417
4094,89.34794566213851
4095,89.36953079423284
4096,89.39111592632719
4097,89.41270105842153
4098,89.43428619051588
4099,89.45587132261022
4100,89.47745645470455
4101,89.4990415867989
4102,89.52062671889324
4103,89.54221185098758
4104,89.56379698308191
4105,89.58538211517626
4106,89.6069672472706
4107,89.62855237936495
4108,89.65013751145929
4109,89.67172264355362
4110,89.69330777564797
4111,89.71489290774231
4112,89.73647803983665
4113,89.75806317193098
4114,89.77964830402533
4115,89.80123343611967
4116,89.82281856821402
4117,89.84440370030836
4118,89.86598883240269
4119,89.88757396449704
4120,89.90915909659138
4121,89.93074422868573
4122,89.95232936078007
4123,89.9739144928744
4124,89.99549962496874
4125,90.01708475706309
4126,90.03866988915743
4127,90.06025502125176
4128,90.0818401533461
4129,90.10342528544045
4130,90.1250104175348
4131,90.14659554962914
4132,90.16818068172347
4133,90.18976581381781
4134,90.21135094591216
4135,90.2329360780065
4136,90.25452121010083
4137,90.27610634219518
4138,90.29769147428952
4139,90.31927660638387
4140,90.34086173847821
4141,90.36244687057254
4142,90.38403200266688
4143,90.40561713476123
4144,90.42720226685557
4145,90.4487873989499
4146,90.47037253104425
4147,90.49195766313859
4148,90.51354279523294
4149,90.53512792732728
4150,90.55671305942161
4151,90.57829819151596
4152,90.5998833236103
4153,90.62146845570464
4154,90.64305358779897
4155,90.66463871989332
4156,90.68622385198766
4157,90.707808984082
4158,90.72939411617635
4159,90.75097924827068
4160,90.77256438036503
4161,90.79414951245937
4162,90.81573464455371
4163,90.83731977664804
4164,90.85890490874239
4165,90.88049004083673
4166,90.90207517293108
4167,90.92366030502542
4168,90.94524543711975
4169,90.9668305692141
4170,90.98841570130844
4171,91.01000083340278
4172,91.03158596549713
4173,91.05317109759146
4174,91.0747562296858
4175,91.09634136178015
4176,91.11792649387449
4177,91.13951162596882
4178,91.16109675806317
4179,91.18268189015751
4180,91.20426702225186
4181,91.2258521543462
4182,91.24743728644053
4183,91.26902241853487
4184,91.29060755062922
4185,91.31219268272356
4186,91.33377781481789
4187,91.35536294691224
4188,91.37694807900658
4189,91.39853321110093
4190,91.42011834319527
4191,91.4417034752896
4192,91.46328860738394
4193,91.48487373947829
4194,91.50645887157263
4195,91.52804400366696
4196,91.54962913576131
4197,91.57121426785565
4198,91.59279939995
4199,91.61438453204434
4200,91.63596966413867
4201,91.65755479623301
4202,91.67913992832736
4203,91.7007250604217
4204,91.72231019251603
4205,91.74389532461038
4206,91.76548045670472
4207,91.78706558879907
4208,91.80865072089341
4209,91.83023585298774
4210,91.85182098508209
4211,91.87340611717643
4212,91.89499124927077
4213,91.91657638136512
4214,91.93816151345945
4215,91.95974664555379
4216,91.98133177764814
4217,92.00291690974248
4218,92.02450204183681
4219,92.04608717393116
4220,92.0676723060255
4221,92.08925743811984
4222,92.11084257021419
4223,92.13242770230852
4224,92.15401283440286
4225,92.17559796649721
4226,92.19718309859155
4227,92.21876823068588
4228,92.24035336278023
4229,92.26193849487457
4230,92.28352362696891
4231,92.30510875906326
4232,92.32669389115759
4233,92.34827902325193
4234,92.36986415534628
4235,92.39144928744062
4236,92.41303441953495
4237,92.4346195516293
4238,92.45620468372364
4239,92.47778981581799
4240,92.49937494791233
4241,92.52096008000666
4242,92.542545212101
4243,92.56413034419535
4244,92.58571547628969
4245,92.60730060838402
4246,92.62888574047837
4247,92.65047087257271
4248,92.67205600466706
4249,92.6936411367614
4250,92.71522626885573
4251,92.73681140095007
4252,92.75839653304442
4253,92.77998166513876
4254,92.80156679723311
4255,92.82315192932744
4256,92.84473706142178
4257,92.86632219351613
4258,92.88790732561047
4259,92.9094924577048
4260,92.93107758979914
4261,92.95266272189349
4262,92.97424785398783
4263,92.99583298608218
4264,93.01741811817651
4265,93.03900325027085
4266,93.0605883823652
4267,93.08217351445954
4268,93.10375864655387
4269,93.12534377864822
4270,93.14692891074256
4271,93.1685140428369
4272,93.19009917493125
4273,93.21168430702558
4274,93.23326943911992
4275,93.25485457121427
4276,93.27643970330861
4277,93.29802483540294
4278,93.31960996749729
4279,93.34119509959163
4280,93.36278023168597
4281,93.38436536378032
4282,93.40595049587465
4283,93.427535627969
4284,93.44912076006334
4285,93.47070589215768
4286,93.49229102425201
4287,93.51387615634636
4288,93.5354612884407
4289,93.55704642053504
4290,93.57863155262939
4291,93.60021668472372
4292,93.62180181681806
4293,93.64338694891241
4294,93.66497208100675
4295,93.68655721310108
4296,93.70814234519543
4297,93.72972747728977
4298,93.75131260938412
4299,93.77289774147846
4300,93.79448287357279
4301,93.81606800566713
4302,93.83765313776148
4303,93.85923826985582
4304,93.88082340195017
4305,93.9024085340445
4306,93.92399366613884
4307,93.94557879823319
4308,93.96716393032753
4309,93.98874906242186
4310,94.0103341945162
4311,94.03191932661055
4312,94.0535044587049
4313,94.07508959079924
4314,94.09667472289357
4315,94.11825985498791
4316,94.13984498708226
4317,94.1614301191766
4318,94.18301525127093
4319,94.20460038336527
4320,94.22618551545962
4321,94.24777064755396
4322,94.26935577964831
4323,94.29094091174264
4324,94.31252604383698
4325,94.33411117593133
4326,94.35569630802567
4327,94.37728144012
4328,94.39886657221435
4329,94.42045170430869
4330,94.44203683640303
4331,94.46362196849738
4332,94.48520710059171
4333,94.50679223268605
4334,94.5283773647804
4335,94.54996249687474
4336,94.57154762896907
4337,94.59313276106342
4338,94.61471789315776
4339,94.6363030252521
4340,94.65788815734645
4341,94.67947328944078
4342,94.70105842153512
4343,94.72264355362947
4344,94.74422868572381
4345,94.76581381781816
4346,94.78739894991249
4347,94.80898408200683
4348,94.83056921410117
4349,94.85215434619552
4350,94.87373947828985
4351,94.8953246103842
4352,94.91690974247854
4353,94.93849487457288
4354,94.96008000666723
4355,94.98166513876156
4356,95.0032502708559
4357,95.02483540295025
4358,95.04642053504459
4359,95.06800566713892
4360,95.08959079923326
4361,95.11117593132761
4362,95.13276106342195
4363,95.1543461955163
4364,95.17593132761063
4365,95.19751645970497
4366,95.21910159179932
4367,95.24068672389366
4368,95.26227185598799
4369,95.28385698808233
4370,95.30544212017668
4371,95.32702725227102
4372,95.34861238436537
4373,95.3701975164597
4374,95.39178264855404
4375,95.41336778064839
4376,95.43495291274273
4377,95.45653804483706
4378,95.4781231769314
4379,95.49970830902575
4380,95.5212934411201
4381,95.54287857321444
4382,95.56446370530877
4383,95.58604883740311
4384,95.60763396949746
4385,95.6292191015918
4386,95.65080423368613
4387,95.67238936578048
4388,95.69397449787482
4389,95.71555962996916
4390,95.73714476206351
4391,95.75872989415784
4392,95.78031502625218
4393,95.80190015834653
4394,95.82348529044087
4395,95.84507042253522
4396,95.86665555462955
4397,95.88824068672389
4398,95.90982581881823
4399,95.93141095091258
4400,95.95299608300691
4401,95.97458121510125
4402,95.9961663471956
4403,96.01775147928994
4404,96.03933661138429
4405,96.06092174347862
4406,96.08250687557296
4407,96.1040920076673
4408,96.12567713976165
4409,96.14726227185598
4410,96.16884740395032
4411,96.19043253604467
4412,96.21201766813901
4413,96.23360280023336
4414,96.25518793232769
4415,96.27677306442203
4416,96.29835819651638
4417,96.31994332861072
4418,96.34152846070505
4419,96.3631135927994
4420,96.38469872489374
4421,96.40628385698808
4422,96.42786898908243
4423,96.44945412117676
4424,96.4710392532711
4425,96.49262438536545
4426,96.51420951745979
4427,96.53579464955412
4428,96.55737978164846
4429,96.57896491374281
4430,96.60055004583715
4431,96.6221351779315
4432,96.64372031002583
4433,96.66530544212017
4434,96.68689057421452
4435,96.70847570630886
4436,96.7300608384032
4437,96.75164597049753
4438,96.77323110259188
4439,96.79481623468622
4440,96.81640136678057
4441,96.8379864988749
4442,96.85957163096924
4443,96.88115676306359
4444,96.90274189515793
4445,96.92432702725228
4446,96.9459121593466
4447,96.96749729144095
4448,96.9890824235353
4449,97.01066755562964
4450,97.03225268772397
4451,97.05383781981831
4452,97.07542295191266
4453,97.097008084007
4454,97.11859321610135
4455,97.14017834819568
4456,97.16176348029002
4457,97.18334861238436
4458,97.20493374447871
4459,97.22651887657304
4460,97.24810400866738
4461,97.26968914076173
4462,97.29127427285607
4463,97.31285940495042
4464,97.33444453704475
4465,97.35602966913909
4466,97.37761480123343
4467,97.39919993332778
4468,97.42078506542211
4469,97.44237019751645
4470,97.4639553296108
4471,97.48554046170514
4472,97.50712559379949
4473,97.52871072589382
4474,97.55029585798816
4475,97.5718809900825
4476,97.59346612217685
4477,97.6150512542712
4478,97.63663638636552
4479,97.65822151845987
4480,97.67980665055421
4481,97.70139178264856
4482,97.72297691474289
4483,97.74456204683723
4484,97.76614717893158
4485,97.78773231102592
4486,97.80931744312026
4487,97.8309025752146
4488,97.85248770730894
4489,97.87407283940328
4490,97.89565797149763
4491,97.91724310359196
4492,97.9388282356863
4493,97.96041336778065
4494,97.98199849987499
4495,98.00358363196933
4496,98.02516876406366
4497,98.04675389615801
4498,98.06833902825235
4499,98.0899241603467
4500,98.11150929244103
4501,98.13309442453537
4502,98.15467955662972
4503,98.17626468872406
4504,98.1978498208184
4505,98.21943495291274
4506,98.24102008500708
4507,98.26260521710142
4508,98.28419034919577
4509,98.3057754812901
4510,98.32736061338444
4511,98.34894574547879
4512,98.37053087757313
4513,98.39211600966748
4514,98.4137011417618
4515,98.43528627385615
4516,98.4568714059505
4517,98.47845653804484
4518,98.50004167013917
4519,98.52162680223351
4520,98.54321193432786
4521,98.5647970664222
4522,98.58638219851655
4523,98.60796733061088
4524,98.62955246270522
4525,98.65113759479956
4526,98.67272272689391
4527,98.69430785898825
4528,98.71589299108258
4529,98.73747812317693
4530,98.75906325527127
4531,98.78064838736562
4532,98.80223351945995
4533,98.82381865155429
4534,98.84540378364863
4535,98.86698891574298
4536,98.88857404783732
4537,98.91015917993165
4538,98.931744312026
4539,98.95332944412034
4540,98.97491457621469
4541,98.99649970830902
4542,99.01808484040336
4543,99.0396699724977
4544,99.06125510459205
4545,99.0828402366864
4546,99.10442536878072
4547,99.12601050087507
4548,99.14759563296941
4549,99.16918076506376
4550,99.19076589715809
4551,99.21235102925243
4552,99.23393616134678
4553,99.25552129344112
4554,99.27710642553546
4555,99.2986915576298
4556,99.32027668972414
4557,99.34186182181848
4558,99.36344695391283
4559,99.38503208600716
4560,99.4066172181015
4561,99.42820235019585
4562,99.44978748229019
4563,99.47137261438453
4564,99.49295774647887
4565,99.51454287857321
4566,99.53612801066755
4567,99.5577131427619
4568,99.57929827485624
4569,99.60088340695057
4570,99.62246853904492
4571,99.64405367113926
4572,99.6656388032336
4573,99.68722393532794
4574,99.70880906742228
4575,99.73039419951662
4576,99.75197933161097
4577,99.77356446370531
4578,99.79514959579964
4579,99.81673472789399
4580,99.83831985998833
4581,99.85990499208268
4582,99.881490124177
4583,99.90307525627135
4584,99.9246603883657
4585,99.94624552046004
4586,99.96783065255438
4587,99.98941578464871
4588,100.01100091674306
4589,100.0325860488374
4590,100.05417118093175
4591,100.07575631302608
4592,100.09734144512042
4593,100.11892657721476
4594,100.14051170930911
4595,100.16209684140345
4596,100.18368197349778
4597,100.20526710559213
4598,100.22685223768647
4599,100.24843736978082
4600,100.27002250187515
4601,100.29160763396949
4602,100.31319276606384
4603,100.33477789815818
4604,100.35636303025252
4605,100.37794816234685
4606,100.3995332944412
4607,100.42111842653554
4608,100.44270355862989
4609,100.46428869072423
4610,100.48587382281856
4611,100.5074589549129
4612,100.52904408700725
4613,100.5506292191016
4614,100.57221435119592
4615,100.59379948329027
4616,100.61538461538461
4617,100.63696974747896
4618,100.6585548795733
4619,100.68014001166763
4620,100.70172514376198
4621,100.72331027585632
4622,100.74489540795066
4623,100.766480540045
4624,100.78806567213934
4625,100.80965080423368
4626,100.83123593632803
4627,100.85282106842237
4628,100.8744062005167
4629,100.89599133261105
4630,100.91757646470539
4631,100.93916159679974
4632,100.96074672889407
4633,100.98233186098841
4634,101.00391699308275
4635,101.0255021251771
4636,101.04708725727144
4637,101.06867238936577
4638,101.09025752146012
4639,101.11184265355446
4640,101.1334277856488
4641,101.15501291774314
4642,101.17659804983748
4643,101.19818318193182
4644,101.21976831402617
4645,101.24135344612051
4646,101.26293857821484
4647,101.28452371030919
4648,101.30610884240353
4649,101.32769397449788
4650,101.3492791065922
4651,101.37086423868655
4652,101.3924493707809
4653,101.41403450287524
4654,101.43561963496958
4655,101.45720476706391
4656,101.47878989915826
4657,101.5003750312526
4658,101.52196016334695
4659,101.54354529544129
4660,101.56513042753562
4661,101.58671555962997
4662,101.60830069172431
4663,101.62988582381865
4664,101.65147095591298
4665,101.67305608800733
4666,101.69464122010167
4667,101.71622635219602
4668,101.73781148429036
4669,101.75939661638469
4670,101.78098174847904
4671,101.80256688057338
4672,101.82415201266772
4673,101.84573714476205
4674,101.8673222768564
4675,101.88890740895074
4676,101.91049254104509
4677,101.93207767313943
4678,101.95366280523376
4679,101.9752479373281
4680,101.99683306942245
4681,102.0184182015168
4682,102.04000333361112
4683,102.06158846570547
4684,102.08317359779981
4685,102.10475872989416
4686,102.1263438619885
4687,102.14792899408283
4688,102.16951412617718
4689,102.19109925827152
4690,102.21268439036587
4691,102.2342695224602
4692,102.25585465455454
4693,102.27743978664888
4694,102.29902491874323
4695,102.32061005083757
4696,102.3421951829319
4697,102.36378031502625
4698,102.38536544712059
4699,102.40695057921494
4700,102.42853571130928
4701,102.45012084340361
4702,102.47170597549795
4703,102.4932911075923
4704,102.51487623968664
4705,102.53646137178097
4706,102.55804650387532
4707,102.57963163596966
4708,102.601216768064
4709,102.62280190015835
4710,102.64438703225268
4711,102.66597216434702
4712,102.68755729644137
4713,102.70914242853571
4714,102.73072756063004
4715,102.75231269272439
4716,102.77389782481873
4717,102.79548295691308
4718,102.81706808900742
4719,102.83865322110175
4720,102.8602383531961
4721,102.88182348529044
4722,102.90340861738478
4723,102.92499374947911
4724,102.94657888157346
4725,102.9681640136678
4726,102.98974914576215
4727,103.01133427785649
4728,103.03291940995082
4729,103.05450454204517
4730,103.07608967413951
4731,103.09767480623385
4732,103.11925993832818
4733,103.14084507042253
4734,103.16243020251687
4735,103.18401533461122
4736,103.20560046670556
4737,103.22718559879989
4738,103.24877073089424
4739,103.27035586298858
4740,103.29194099508292
4741,103.31352612717725
4742,103.3351112592716
4743,103.35669639136594
4744,103.37828152346029
4745,103.39986665555463
4746,103.42145178764896
4747,103.4430369197433
4748,103.46462205183765
4749,103.486207183932
4750,103.50779231602634
4751,103.52937744812067
4752,103.55096258021501
4753,103.57254771230936
4754,103.5941328444037
4755,103.61571797649803
4756,103.63730310859238
4757,103.65888824068672
4758,103.68047337278107
4759,103.70205850487541
4760,103.72364363696974
4761,103.74522876906408
4762,103.76681390115843
4763,103.78839903325277
4764,103.8099841653471
4765,103.83156929744145
4766,103.85315442953579
4767,103.87473956163014
4768,103.89632469372448
4769,103.91790982581881
4770,103.93949495791315
4771,103.9610800900075
4772,103.98266522210184
4773,104.00425035419617
4774,104.02583548629052
4775,104.04742061838486
4776,104.0690057504792
4777,104.09059088257355
4778,104.11217601466788
4779,104.13376114676223
4780,104.15534627885657
4781,104.17693141095091
4782,104.19851654304524
4783,104.22010167513959
4784,104.24168680723393
4785,104.26327193932828
4786,104.28485707142262
4787,104.30644220351695
4788,104.3280273356113
4789,104.34961246770564
4790,104.37119759979998
4791,104.39278273189433
4792,104.41436786398866
4793,104.435952996083
4794,104.45753812817735
4795,104.47912326027169
4796,104.50070839236602
4797,104.52229352446037
4798,104.54387865655471
4799,104.56546378864905
4800,104.5870489207434
4801,104.60863405283773
4802,104.63021918493207
4803,104.65180431702642
4804,104.67338944912076
4805,104.69497458121509
4806,104.71655971330944
4807,104.73814484540378
4808,104.75972997749813
4809,104.78131510959247
4810,104.8029002416868
4811,104.82448537378114
4812,104.84607050587549
4813,104.86765563796983
4814,104.88924077006416
4815,104.9108259021585
4816,104.93241103425285
4817,104.9539961663472
4818,104.97558129844154
4819,104.99716643053587
4820,105.01875156263021
4821,105.04033669472456
4822,105.0619218268189
4823,105.08350695891323
4824,105.10509209100758
4825,105.12667722310192
4826,105.14826235519627
4827,105.16984748729061
4828,105.19143261938494
4829,105.21301775147928
4830,105.23460288357363
4831,105.25618801566797
4832,105.27777314776232
4833,105.29935827985665
4834,105.32094341195099
4835,105.34252854404534
4836,105.36411367613968
4837,105.38569880823401
4838,105.40728394032836
4839,105.4288690724227
4840,105.45045420451704
4841,105.47203933661139
4842,105.49362446870572
4843,105.51520960080006
4844,105.5367947328944
4845,105.55837986498875
4846,105.57996499708308
4847,105.60155012917743
4848,105.62313526127177
4849,105.64472039336611
4850,105.66630552546046
4851,105.68789065755479
4852,105.70947578964913
4853,105.73106092174348
4854,105.75264605383782
4855,105.77423118593215
4856,105.7958163180265
4857,105.81740145012084
4858,105.83898658221518
4859,105.86057171430953
4860,105.88215684640386
4861,105.9037419784982
4862,105.92532711059255
4863,105.94691224268689
4864,105.96849737478122
4865,105.99008250687557
4866,106.01166763896991
4867,106.03325277106426
4868,106.0548379031586
4869,106.07642303525293
4870,106.09800816734727
4871,106.11959329944162
4872,106.14117843153596
4873,106.16276356363029
4874,106.18434869572464
4875,106.20593382781898
4876,106.22751895991333
4877,106.24910409200767
4878,106.270689224102
4879,106.29227435619634
4880,106.31385948829069
4881,106.33544462038503
4882,106.35702975247938
4883,106.37861488457371
4884,106.40020001666805
4885,106.4217851487624
4886,106.44337028085674
4887,106.46495541295107
4888,106.48654054504541
4889,106.50812567713976
4890,106.5297108092341
4891,106.55129594132845
4892,106.57288107342278
4893,106.59446620551712
4894,106.61605133761147
4895,106.63763646970581
4896,106.65922160180014
4897,106.68080673389449
4898,106.70239186598883
4899,106.72397699808317
4900,106.74556213017752
4901,106.76714726227185
4902,106.78873239436619
4903,106.81031752646054
4904,106.83190265855488
4905,106.85348779064921
4906,106.87507292274356
4907,106.8966580548379
4908,106.91824318693224
4909,106.93982831902659
4910,106.96141345112092
4911,106.98299858321526
4912,107.00458371530961
4913,107.02616884740395
4914,107.04775397949828
4915,107.06933911159263
4916,107.09092424368697
4917,107.11250937578131
4918,107.13409450787566
4919,107.15567963996999
4920,107.17726477206433
4921,107.19884990415868
4922,107.22043503625302
4923,107.24202016834737
4924,107.2636053004417
4925,107.28519043253604
4926,107.30677556463039
4927,107.32836069672473
4928,107.34994582881906
4929,107.3715309609134
4930,107.39311609300775
4931,107.41470122510209
4932,107.43628635719644
4933,107.45787148929077
4934,107.47945662138511
4935,107.50104175347946
4936,107.5226268855738
4937,107.54421201766813
4938,107.56579714976247
4939,107.58738228185682
4940,107.60896741395116
4941,107.63055254604551
4942,107.65213767813984
4943,107.67372281023418
4944,107.69530794232853
4945,107.71689307442287
4946,107.7384782065172
4947,107.76006333861154
4948,107.78164847070589
4949,107.80323360280023
4950,107.82481873489458
4951,107.84640386698891
4952,107.86798899908325
4953,107.8895741311776
4954,107.91115926327194
4955,107.93274439536627
4956,107.95432952746062
4957,107.97591465955496
4958,107.9974997916493
4959,108.01908492374365
4960,108.04067005583798
4961,108.06225518793232
4962,108.08384032002667
4963,108.10542545212101
4964,108.12701058421534
4965,108.14859571630969
4966,108.17018084840403
4967,108.19176598049837
4968,108.21335111259272
4969,108.23493624468705
4970,108.2565213767814
4971,108.27810650887574
4972,108.29969164097008
4973,108.32127677306443
4974,108.34286190515876
4975,108.3644470372531
4976,108.38603216934744
4977,108.40761730144179
4978,108.42920243353612
4979,108.45078756563046
4980,108.47237269772481
4981,108.49395782981915
4982,108.5155429619135
4983,108.53712809400783
4984,108.55871322610217
4985,108.58029835819652
4986,108.60188349029086
4987,108.62346862238519
4988,108.64505375447953
4989,108.66663888657388
4990,108.68822401866822
4991,108.70980915076257
4992,108.7313942828569
4993,108.75297941495124
4994,108.77456454704559
4995,108.79614967913993
4996,108.81773481123426
4997,108.8393199433286
4998,108.86090507542295
4999,108.8824902075173
5000,108.90407533961164
5001,108.92566047170597
5002,108.94724560380031
5003,108.96883073589466
5004,108.990415867989
5005,109.01200100008333
5006,109.03358613217767
5007,109.05517126427202
5008,109.07675639636636
5009,109.09834152846071
5010,109.11992666055504
5011,109.14151179264938
5012,109.16309692474373
5013,109.18468205683807
5014,109.20626718893242
5015,109.22785232102675
5016,109.24943745312109
5017,109.27102258521543
5018,109.29260771730978
5019,109.31419284940411
5020,109.33577798149845
5021,109.3573631135928
5022,109.37894824568714
5023,109.40053337778149
5024,109.42211850987582
5025,109.44370364197016
5026,109.4652887740645
5027,109.48687390615885
5028,109.50845903825318
5029,109.53004417034752
5030,109.55162930244187
5031,109.57321443453621
5032,109.59479956663056
5033,109.61638469872489
5034,109.63796983081923
5035,109.65955496291357
5036,109.68114009500792
5037,109.70272522710225
5038,109.7243103591966
5039,109.74589549129094
5040,109.76748062338528
5041,109.78906575547963
5042,109.81065088757396
5043,109.8322360196683
5044,109.85382115176265
5045,109.87540628385699
5046,109.89699141595132
5047,109.91857654804566
5048,109.94016168014001
5049,109.96174681223435
5050,109.9833319443287
5051,110.00491707642303
5052,110.02650220851737
5053,110.04808734061172
5054,110.06967247270606
5055,110.0912576048004
5056,110.11284273689473
5057,110.13442786898908
5058,110.15601300108342
5059,110.17759813317777
5060,110.1991832652721
5061,110.22076839736644
5062,110.24235352946079
5063,110.26393866155513
5064,110.28552379364947
5065,110.3071089257438
5066,110.32869405783815
5067,110.3502791899325
5068,110.37186432202684
5069,110.39344945412117
5070,110.41503458621551
5071,110.43661971830986
5072,110.4582048504042
5073,110.47978998249854
5074,110.50137511459288
5075,110.52296024668722
5076,110.54454537878156
5077,110.56613051087591
5078,110.58771564297024
5079,110.60930077506458
5080,110.63088590715893
5081,110.65247103925327
5082,110.67405617134762
5083,110.69564130344195
5084,110.71722643553629
5085,110.73881156763063
5086,110.76039669972498
5087,110.78198183181931
5088,110.80356696391365
5089,110.825152096008
5090,110.84673722810234
5091,110.86832236019669
5092,110.88990749229102
5093,110.91149262438536
5094,110.9330777564797
5095,110.95466288857405
5096,110.97624802066838
5097,110.99783315276272
5098,111.01941828485707
5099,111.04100341695141
5100,111.06258854904576
5101,111.08417368114009
5102,111.10575881323443
5103,111.12734394532878
5104,111.14892907742312
5105,111.17051420951746
5106,111.1920993416118
5107,111.21368447370614
5108,111.23526960580048
5109,111.25685473789483
5110,111.27843986998916
5111,111.3000250020835
5112,111.32161013417785
5113,111.34319526627219
5114,111.36478039836653
5115,111.38636553046086
5116,111.40795066255521
5117,111.42953579464955
5118,111.4511209267439
5119,111.47270605883823
5120,111.49429119093257
5121,111.51587632302692
5122,111.53746145512126
5123,111.5590465872156
5124,111.58063171930993
5125,111.60221685140428
5126,111.62380198349862
5127,111.64538711559297
5128,111.6669722476873
5129,111.68855737978164
5130,111.71014251187599
5131,111.73172764397033
5132,111.75331277606467
5133,111.774897908159
5134,111.79648304025335
5135,111.8180681723477
5136,111.83965330444204
5137,111.86123843653637
5138,111.88282356863071
5139,111.90440870072506
5140,111.9259938328194
5141,111.94757896491375
5142,111.96916409700808
5143,111.99074922910242
5144,112.01233436119676
5145,112.03391949329111
5146,112.05550462538545
5147,112.07708975747978
5148,112.09867488957413
5149,112.12026002166847
5150,112.14184515376282
5151,112.16343028585715
5152,112.18501541795149
5153,112.20660055004583
5154,112.22818568214018
5155,112.24977081423452
5156,112.27135594632885
5157,112.2929410784232
5158,112.31452621051754
5159,112.33611134261189
5160,112.35769647470622
5161,112.37928160680056
5162,112.4008667388949
5163,112.42245187098925
5164,112.4440370030836
5165,112.46562213517792
5166,112.48720726727227
5167,112.50879239936661
5168,112.53037753146096
5169,112.55196266355529
5170,112.57354779564963
5171,112.59513292774398
5172,112.61671805983832
5173,112.63830319193266
5174,112.659888324027
5175,112.68147345612134
5176,112.70305858821568
5177,112.72464372031003
5178,112.74622885240436
5179,112.7678139844987
5180,112.78939911659305
5181,112.81098424868739
5182,112.83256938078173
5183,112.85415451287606
5184,112.87573964497041
5185,112.89732477706475
5186,112.9189099091591
5187,112.94049504125343
5188,112.96208017334777
5189,112.98366530544212
5190,113.00525043753646
5191,113.0268355696308
5192,113.04842070172514
5193,113.07000583381948
5194,113.09159096591382
5195,113.11317609800817
5196,113.13476123010251
5197,113.15634636219684
5198,113.17793149429119
5199,113.19951662638553
5200,113.22110175847988
5201,113.2426868905742
5202,113.26427202266855
5203,113.2858571547629
5204,113.30744228685724
5205,113.32902741895158
5206,113.35061255104591
5207,113.37219768314026
5208,113.3937828152346
5209,113.41536794732895
5210,113.43695307942328
5211,113.45853821151762
5212,113.48012334361196
5213,113.50170847570631
5214,113.52329360780065
5215,113.54487873989498
5216,113.56646387198933
5217,113.58804900408367
5218,113.60963413617802
5219,113.63121926827235
5220,113.65280440036669
5221,113.67438953246103
5222,113.69597466455538
5223,113.71755979664972
5224,113.73914492874405
5225,113.7607300608384
5226,113.78231519293274
5227,113.80390032502709
5228,113.82548545712142
5229,113.84707058921576
5230,113.8686557213101
5231,113.89024085340445
5232,113.9118259854988
5233,113.93341111759312
5234,113.95499624968747
5235,113.97658138178181
5236,113.99816651387616
5237,114.0197516459705
5238,114.04133677806483
5239,114.06292191015918
5240,114.08450704225352
5241,114.10609217434786
5242,114.1276773064422
5243,114.14926243853654
5244,114.17084757063088
5245,114.19243270272523
5246,114.21401783481957
5247,114.2356029669139
5248,114.25718809900825
5249,114.27877323110259
5250,114.30035836319693
5251,114.32194349529126
5252,114.34352862738561
5253,114.36511375947995
5254,114.3866988915743
5255,114.40828402366864
5256,114.42986915576297
5257,114.45145428785732
5258,114.47303941995166
5259,114.494624552046
5260,114.51620968414034
5261,114.53779481623468
5262,114.55937994832902
5263,114.58096508042337
5264,114.60255021251771
5265,114.62413534461204
5266,114.64572047670639
5267,114.66730560880073
5268,114.68889074089508
5269,114.7104758729894
5270,114.73206100508375
5271,114.7536461371781
5272,114.77523126927244
5273,114.79681640136678
5274,114.81840153346111
5275,114.83998666555546
5276,114.8615717976498
5277,114.88315692974415
5278,114.90474206183849
5279,114.92632719393282
5280,114.94791232602716
5281,114.96949745812151
5282,114.99108259021585
5283,115.01266772231018
5284,115.03425285440453
5285,115.05583798649887
5286,115.07742311859322
5287,115.09900825068756
5288,115.12059338278189
5289,115.14217851487624
5290,115.16376364697058
5291,115.18534877906492
5292,115.20693391115925
5293,115.2285190432536
5294,115.25010417534794
5295,115.27168930744229
5296,115.29327443953663
5297,115.31485957163096
5298,115.3364447037253
5299,115.35802983581965
5300,115.379614967914
5301,115.40120010000832
5302,115.42278523210267
5303,115.44437036419701
5304,115.46595549629136
5305,115.4875406283857
5306,115.50912576048003
5307,115.53071089257438
5308,115.55229602466872
5309,115.57388115676306
5310,115.5954662888574
5311,115.61705142095174
5312,115.63863655304608
5313,115.66022168514043
5314,115.68180681723477
5315,115.7033919493291
5316,115.72497708142345
5317,115.74656221351779
5318,115.76814734561214
5319,115.78973247770647
5320,115.81131760980081
5321,115.83290274189515
5322,115.8544878739895
5323,115.87607300608384
5324,115.89765813817817
5325,115.91924327027252
5326,115.94082840236686
5327,115.9624135344612
5328,115.98399866655555
5329,116.00558379864988
5330,116.02716893074422
5331,116.04875406283857
5332,116.07033919493291
5333,116.09192432702724
5334,116.11350945912159
5335,116.13509459121593
5336,116.15667972331028
5337,116.17826485540462
5338,116.19984998749895
5339,116.2214351195933
5340,116.24302025168764
5341,116.26460538378198
5342,116.28619051587631
5343,116.30777564797066
5344,116.329360780065
5345,116.35094591215935
5346,116.37253104425369
5347,116.39411617634802
5348,116.41570130844237
5349,116.43728644053671
5350,116.45887157263105
5351,116.48045670472538
5352,116.50204183681973
5353,116.52362696891407
5354,116.54521210100842
5355,116.56679723310276
5356,116.58838236519709
5357,116.60996749729144
5358,116.63155262938578
5359,116.65313776148012
5360,116.67472289357445
5361,116.6963080256688
5362,116.71789315776314
5363,116.73947828985749
5364,116.76106342195183
5365,116.78264855404616
5366,116.8042336861405
5367,116.82581881823485
5368,116.8474039503292
5369,116.86898908242354
5370,116.89057421451787
5371,116.91215934661221
5372,116.93374447870656
5373,116.9553296108009
5374,116.97691474289523
5375,116.99849987498958
5376,117.02008500708392
5377,117.04167013917827
5378,117.06325527127261
5379,117.08484040336694
5380,117.10642553546128
5381,117.12801066755563
5382,117.14959579964997
5383,117.1711809317443
5384,117.19276606383865
5385,117.21435119593299
5386,117.23593632802734
5387,117.25752146012168
5388,117.27910659221601
5389,117.30069172431035
5390,117.3222768564047
5391,117.34386198849904
5392,117.36544712059337
5393,117.38703225268772
5394,117.40861738478206
5395,117.4302025168764
5396,117.45178764897075
5397,117.47337278106508
5398,117.49495791315942
5399,117.51654304525377
5400,117.53812817734811
5401,117.55971330944244
5402,117.58129844153679
5403,117.60288357363113
5404,117.62446870572548
5405,117.64605383781982
5406,117.66763896991415
5407,117.6892241020085
5408,117.71080923410284
5409,117.73239436619718
5410,117.75397949829151
5411,117.77556463038586
5412,117.7971497624802
5413,117.81873489457455
5414,117.84032002666889
5415,117.86190515876322
5416,117.88349029085757
5417,117.90507542295191
5418,117.92666055504625
5419,117.9482456871406
5420,117.96983081923493
5421,117.99141595132927
5422,118.01300108342362
5423,118.03458621551796
5424,118.05617134761229
5425,118.07775647970664
5426,118.09934161180098
5427,118.12092674389532
5428,118.14251187598967
5429,118.164097008084
5430,118.18568214017834
5431,118.20726727227269
5432,118.22885240436703
5433,118.25043753646136
5434,118.2720226685557
5435,118.29360780065005
5436,118.3151929327444
5437,118.33677806483874
5438,118.35836319693307
5439,118.37994832902741
5440,118.40153346112176
5441,118.4231185932161
5442,118.44470372531043
5443,118.46628885740478
5444,118.48787398949912
5445,118.50945912159347
5446,118.53104425368781
5447,118.55262938578214
5448,118.57421451787648
5449,118.59579964997083
5450,118.61738478206517
5451,118.6389699141595
5452,118.66055504625385
5453,118.68214017834819
5454,118.70372531044254
5455,118.72531044253688
5456,118.74689557463121
5457,118.76848070672555
5458,118.7900658388199
5459,118.81165097091424
5460,118.83323610300859
5461,118.85482123510292
5462,118.87640636719726
5463,118.8979914992916
5464,118.91957663138595
5465,118.94116176348028
5466,118.96274689557463
5467,118.98433202766897
5468,119.00591715976331
5469,119.02750229185766
5470,119.04908742395199
5471,119.07067255604633
5472,119.09225768814068
5473,119.11384282023502
5474,119.13542795232935
5475,119.1570130844237
5476,119.17859821651804
5477,119.20018334861238
5478,119.22176848070673
5479,119.24335361280106
5480,119.2649387448954
5481,119.28652387698975
5482,119.30810900908409
5483,119.32969414117842
5484,119.35127927327277
5485,119.37286440536711
5486,119.39444953746145
5487,119.4160346695558
5488,119.43761980165013
5489,119.45920493374447
5490,119.48079006583882
5491,119.50237519793316
5492,119.52396033002749
5493,119.54554546212184
5494,119.56713059421618
5495,119.58871572631053
5496,119.61030085840487
5497,119.6318859904992
5498,119.65347112259354
5499,119.67505625468789
5500,119.69664138678223
5501,119.71822651887658
5502,119.7398116509709
5503,119.76139678306525
5504,119.7829819151596
5505,119.80456704725394
5506,119.82615217934827
5507,119.84773731144261
5508,119.86932244353696
5509,119.8909075756313
5510,119.91249270772565
5511,119.93407783981998
5512,119.95566297191432
5513,119.97724810400867
5514,119.99883323610301
5515,120.02041836819734
5516,120.04200350029168
5517,120.06358863238603
5518,120.08517376448037
5519,120.10675889657472
5520,120.12834402866905
5521,120.14992916076339
5522,120.17151429285774
5523,120.19309942495208
5524,120.21468455704641
5525,120.23626968914076
5526,120.2578548212351
5527,120.27943995332944
5528,120.30102508542379
5529,120.32261021751812
5530,120.34419534961246
5531,120.3657804817068
5532,120.38736561380115
5533,120.40895074589548
5534,120.43053587798983
5535,120.45212101008417
5536,120.47370614217851
5537,120.49529127427286
5538,120.51687640636719
5539,120.53846153846153
5540,120.56004667055588
5541,120.58163180265022
5542,120.60321693474455
5543,120.6248020668389
5544,120.64638719893324
5545,120.66797233102758
5546,120.68955746312193
5547,120.71114259521626
5548,120.7327277273106
5549,120.75431285940495
5550,120.77589799149929
5551,120.79748312359364
5552,120.81906825568797
5553,120.84065338778231
5554,120.86223851987666
5555,120.883823651971
5556,120.90540878406533
5557,120.92699391615967
5558,120.94857904825402
5559,120.97016418034836
5560,120.9917493124427
5561,121.01333444453704
5562,121.03491957663138
5563,121.05650470872573
5564,121.07808984082007
5565,121.0996749729144
5566,121.12126010500874
5567,121.14284523710309
5568,121.16443036919743
5569,121.18601550129178
5570,121.20760063338611
5571,121.22918576548045
5572,121.2507708975748
5573,121.27235602966914
5574,121.29394116176347
5575,121.31552629385781
5576,121.33711142595216
5577,121.3586965580465
5578,121.38028169014085
5579,121.40186682223518
5580,121.42345195432952
5581,121.44503708642387
5582,121.46662221851821
5583,121.48820735061254
5584,121.50979248270689
5585,121.53137761480123
5586,121.55296274689557
5587,121.57454787898992
5588,121.59613301108425
5589,121.61771814317859
5590,121.63930327527294
5591,121.66088840736728
5592,121.68247353946163
5593,121.70405867155596
5594,121.7256438036503
5595,121.74722893574464
5596,121.76881406783899
5597,121.79039919993332
5598,121.81198433202766
5599,121.83356946412201
5600,121.85515459621635
5601,121.8767397283107
5602,121.89832486040503
5603,121.91990999249937
5604,121.94149512459371
5605,121.96308025668806
5606,121.98466538878239
5607,122.00625052087673
5608,122.02783565297108
5609,122.04942078506542
5610,122.07100591715977
5611,122.0925910492541
5612,122.11417618134844
5613,122.13576131344279
5614,122.15734644553713
5615,122.17893157763146
5616,122.2005167097258
5617,122.22210184182015
5618,122.24368697391449
5619,122.26527210600884
5620,122.28685723810317
5621,122.30844237019751
5622,122.33002750229186
5623,122.3516126343862
5624,122.37319776648053
5625,122.39478289857487
5626,122.41636803066922
5627,122.43795316276356
5628,122.45953829485791
5629,122.48112342695224
5630,122.50270855904658
5631,122.52429369114093
5632,122.54587882323527
5633,122.5674639553296
5634,122.58904908742394
5635,122.61063421951829
5636,122.63221935161263
5637,122.65380448370698
5638,122.67538961580131
5639,122.69697474789565
5640,122.71855987999
5641,122.74014501208434
5642,122.76173014417869
5643,122.78331527627302
5644,122.80490040836736
5645,122.8264855404617
5646,122.84807067255605
5647,122.86965580465038
5648,122.89124093674472
5649,122.91282606883907
5650,122.93441120093341
5651,122.95599633302776
5652,122.97758146512209
5653,122.99916659721643
5654,123.02075172931077
5655,123.04233686140512
5656,123.06392199349945
5657,123.0855071255938
5658,123.10709225768814
5659,123.12867738978248
5660,123.15026252187683
5661,123.17184765397116
5662,123.1934327860655
5663,123.21501791815984
5664,123.23660305025419
5665,123.25818818234852
5666,123.27977331444286
5667,123.30135844653721
5668,123.32294357863155
5669,123.3445287107259
5670,123.36611384282023
5671,123.38769897491457
5672,123.40928410700892
5673,123.43086923910326
5674,123.45245437119759
5675,123.47403950329193
5676,123.49562463538628
5677,123.51720976748062
5678,123.53879489957497
5679,123.5603800316693
5680,123.58196516376364
5681,123.60355029585799
5682,123.62513542795233
5683,123.64672056004667
5684,123.668305692141
5685,123.68989082423535
5686,123.71147595632969
5687,123.73306108842404
5688,123.75464622051837
5689,123.77623135261271
5690,123.79781648470706
5691,123.8194016168014
5692,123.84098674889574
5693,123.86257188099007
5694,123.88415701308442
5695,123.90574214517876
5696,123.92732727727311
5697,123.94891240936744
5698,123.97049754146178
5699,123.99208267355613
5700,124.01366780565047
5701,124.03525293774481
5702,124.05683806983915
5703,124.07842320193349
5704,124.10000833402783
5705,124.12159346612218
5706,124.14317859821651
5707,124.16476373031085
5708,124.1863488624052
5709,124.20793399449954
5710,124.22951912659389
5711,124.25110425868822
5712,124.27268939078256
5713,124.2942745228769
5714,124.31585965497125
5715,124.33744478706558
5716,124.35902991915992
5717,124.38061505125427
5718,124.40220018334861
5719,124.42378531544296
5720,124.44537044753729
5721,124.46695557963163
5722,124.48854071172597
5723,124.51012584382032
5724,124.53171097591466
5725,124.553296108009
5726,124.57488124010334
5727,124.59646637219768
5728,124.61805150429203
5729,124.63963663638636
5730,124.6612217684807
5731,124.68280690057505
5732,124.70439203266939
5733,124.72597716476373
5734,124.74756229685806
5735,124.76914742895241
5736,124.79073256104675
5737,124.8123176931411
5738,124.83390282523543
5739,124.85548795732977
5740,124.87707308942412
5741,124.89865822151846
5742,124.9202433536128
5743,124.94182848570713
5744,124.96341361780148
5745,124.98499874989582
5746,125.00658388199017
5747,125.0281690140845
5748,125.04975414617884
5749,125.07133927827319
5750,125.09292441036753
5751,125.11450954246187
5752,125.1360946745562
5753,125.15767980665055
5754,125.1792649387449
5755,125.20085007083924
5756,125.22243520293357
5757,125.24402033502791
5758,125.26560546712226
5759,125.2871905992166
5760,125.30877573131094
5761,125.33036086340528
5762,125.35194599549962
5763,125.37353112759396
5764,125.39511625968831
5765,125.41670139178264
5766,125.43828652387698
5767,125.45987165597133
5768,125.48145678806567
5769,125.50304192016002
5770,125.52462705225435
5771,125.54621218434869
5772,125.56779731644303
5773,125.58938244853738
5774,125.61096758063172
5775,125.63255271272605
5776,125.6541378448204
5777,125.67572297691474
5778,125.69730810900909
5779,125.71889324110342
5780,125.74047837319776
5781,125.7620635052921
5782,125.78364863738645
5783,125.8052337694808
5784,125.82681890157512
5785,125.84840403366947
5786,125.86998916576381
5787,125.89157429785816
5788,125.91315942995249
5789,125.93474456204683
5790,125.95632969414117
5791,125.97791482623552
5792,125.99949995832986
5793,126.0210850904242
5794,126.04267022251854
5795,126.06425535461288
5796,126.08584048670723
5797,126.10742561880156
5798,126.1290107508959
5799,126.15059588299025
5800,126.17218101508459
5801,126.19376614717893
5802,126.21535127927326
5803,126.23693641136761
5804,126.25852154346195
5805,126.2801066755563
5806,126.30169180765063
5807,126.32327693974497
5808,126.34486207183932
5809,126.36644720393366
5810,126.388032336028
5811,126.40961746812233
5812,126.43120260021668
5813,126.45278773231102
5814,126.47437286440537
5815,126.49595799649971
5816,126.51754312859404
5817,126.53912826068839
5818,126.56071339278273
5819,126.58229852487707
5820,126.6038836569714
5821,126.62546878906575
5822,126.6470539211601
5823,126.66863905325444
5824,126.69022418534878
5825,126.71180931744311
5826,126.73339444953746
5827,126.7549795816318
5828,126.77656471372615
5829,126.79814984582048
5830,126.81973497791482
5831,126.84132011000916
5832,126.86290524210351
5833,126.88449037419785
5834,126.90607550629218
5835,126.92766063838653
5836,126.94924577048087
5837,126.97083090257522
5838,126.99241603466955
5839,127.01400116676389
5840,127.03558629885823
5841,127.05717143095258
5842,127.07875656304692
5843,127.10034169514125
5844,127.1219268272356
5845,127.14351195932994
5846,127.16509709142429
5847,127.18668222351862
5848,127.20826735561296
5849,127.2298524877073
5850,127.25143761980165
5851,127.273022751896
5852,127.29460788399032
5853,127.31619301608467
5854,127.33777814817901
5855,127.35936328027336
5856,127.3809484123677
5857,127.40253354446203
5858,127.42411867655638
5859,127.44570380865072
5860,127.46728894074506
5861,127.4888740728394
5862,127.51045920493374
5863,127.53204433702808
5864,127.55362946912243
5865,127.57521460121677
5866,127.5967997333111
5867,127.61838486540545
5868,127.63996999749979
5869,127.66155512959413
5870,127.68314026168846
5871,127.70472539378281
5872,127.72631052587715
5873,127.7478956579715
5874,127.76948079006584
5875,127.79106592216017
5876,127.81265105425452
5877,127.83423618634886
5878,127.8558213184432
5879,127.87740645053753
5880,127.89899158263188
5881,127.92057671472622
5882,127.94216184682057
5883,127.96374697891491
5884,127.98533211100924
5885,128.0069172431036
5886,128.02850237519795
5887,128.0500875072923
5888,128.0716726393866
5889,128.09325777148095
5890,128.1148429035753
5891,128.13642803566964
5892,128.15801316776398
5893,128.1795982998583
5894,128.20118343195264
5895,128.222768564047
5896,128.24435369614133
5897,128.26593882823568
5898,128.28752396033002
5899,128.30910909242436
5900,128.3306942245187
5901,128.35227935661305
5902,128.3738644887074
5903,128.39544962080174
5904,128.4170347528961
5905,128.43861988499043
5906,128.46020501708477
5907,128.4817901491791
5908,128.50337528127343
5909,128.52496041336778
5910,128.54654554546212
5911,128.56813067755644
5912,128.58971580965078
5913,128.61130094174513
5914,128.63288607383947
5915,128.65447120593382
5916,128.67605633802816
5917,128.6976414701225
5918,128.71922660221685
5919,128.7408117343112
5920,128.76239686640554
5921,128.78398199849988
5922,128.80556713059423
5923,128.82715226268857
5924,128.84873739478292
5925,128.87032252687723
5926,128.89190765897158
5927,128.91349279106592
5928,128.93507792316026
5929,128.95666305525458
5930,128.97824818734892
5931,128.99983331944327
5932,129.0214184515376
5933,129.04300358363196
5934,129.0645887157263
5935,129.08617384782065
5936,129.107758979915
5937,129.12934411200933
5938,129.15092924410368
5939,129.17251437619802
5940,129.19409950829237
5941,129.21568464038668
5942,129.23726977248103
5943,129.25885490457537
5944,129.28044003666972
5945,129.30202516876406
5946,129.3236103008584
5947,129.34519543295275
5948,129.3667805650471
5949,129.38836569714144
5950,129.40995082923575
5951,129.4315359613301
5952,129.45312109342444
5953,129.4747062255188
5954,129.49629135761313
5955,129.51787648970748
5956,129.53946162180182
5957,129.56104675389616
5958,129.5826318859905
5959,129.60421701808482
5960,129.62580215017917
5961,129.6473872822735
5962,129.66897241436786
5963,129.6905575464622
5964,129.71214267855655
5965,129.7337278106509
5966,129.75531294274523
5967,129.77689807483958
5968,129.7984832069339
5969,129.82006833902824
5970,129.84165347112258
5971,129.86323860321693
5972,129.88482373531127
5973,129.90640886740562
5974,129.92799399949996
5975,129.9495791315943
5976,129.97116426368865
5977,129.99274939578297
5978,130.0143345278773
5979,130.03591965997165
5980,130.057504792066
5981,130.07908992416034
5982,130.1006750562547
5983,130.12226018834903
5984,130.14384532044338
5985,130.16543045253772
5986,130.18701558463204
5987,130.20860071672638
5988,130.23018584882072
5989,130.25177098091507
5990,130.2733561130094
5991,130.29494124510376
5992,130.3165263771981
5993,130.33811150929245
5994,130.3596966413868
5995,130.3812817734811
5996,130.40286690557545
5997,130.4244520376698
5998,130.44603716976414
5999,130.46762230185848
6000,130.48920743395283
6001,130.51079256604717
6002,130.53237769814152
6003,130.55396283023586
6004,130.57554796233018
6005,130.59713309442452
6006,130.61871822651887
6007,130.6403033586132
6008,130.66188849070755
6009,130.6834736228019
6010,130.70505875489624
6011,130.7266438869906
6012,130.74822901908493
6013,130.76981415117928
6014,130.7913992832736
6015,130.81298441536794
6016,130.83456954746228
6017,130.85615467955662
6018,130.87773981165097
6019,130.8993249437453
6020,130.92091007583966
6021,130.942495207934
6022,130.96408034002835
6023,130.98566547212266
6024,131.007250604217
6025,131.02883573631135
6026,131.0504208684057
6027,131.07200600050004
6028,131.09359113259438
6029,131.11517626468873
6030,131.13676139678307
6031,131.15834652887742
6032,131.17993166097173
6033,131.20151679306608
6034,131.22310192516042
6035,131.24468705725477
6036,131.2662721893491
6037,131.28785732144345
6038,131.3094424535378
6039,131.33102758563214
6040,131.3526127177265
6041,131.3741978498208
6042,131.39578298191515
6043,131.4173681140095
6044,131.43895324610384
6045,131.46053837819818
6046,131.48212351029252
6047,131.50370864238687
6048,131.5252937744812
6049,131.54687890657556
6050,131.56846403866987
6051,131.59004917076422
6052,131.61163430285856
6053,131.6332194349529
6054,131.65480456704725
6055,131.6763896991416
6056,131.69797483123594
6057,131.71955996333028
6058,131.74114509542463
6059,131.76273022751894
6060,131.7843153596133
6061,131.80590049170763
6062,131.82748562380198
6063,131.84907075589632
6064,131.87065588799067
6065,131.892241020085
6066,131.91382615217935
6067,131.9354112842737
6068,131.956996416368
6069,131.97858154846236
6070,132.0001666805567
6071,132.02175181265105
6072,132.0433369447454
6073,132.06492207683974
6074,132.08650720893408
6075,132.10809234102842
6076,132.12967747312277
6077,132.15126260521708
6078,132.17284773731143
6079,132.19443286940577
6080,132.21601800150012
6081,132.23760313359446
6082,132.2591882656888
6083,132.28077339778315
6084,132.3023585298775
6085,132.32394366197184
6086,132.34552879406615
6087,132.3671139261605
6088,132.38869905825484
6089,132.4102841903492
6090,132.43186932244353
6091,132.45345445453788
6092,132.47503958663222
6093,132.49662471872657
6094,132.5182098508209
6095,132.53979498291523
6096,132.56138011500957
6097,132.5829652471039
6098,132.60455037919826
6099,132.6261355112926
6100,132.64772064338695
6101,132.6693057754813
6102,132.69089090757564
6103,132.71247603966998
6104,132.73406117176432
6105,132.75564630385864
6106,132.77723143595298
6107,132.79881656804733
6108,132.82040170014167
6109,132.84198683223602
6110,132.86357196433036
6111,132.8851570964247
6112,132.90674222851905
6113,132.9283273606134
6114,132.9499124927077
6115,132.97149762480205
6116,132.9930827568964
6117,133.01466788899074
6118,133.0362530210851
6119,133.05783815317943
6120,133.07942328527378
6121,133.10100841736812
6122,133.12259354946247
6123,133.14417868155678
6124,133.16576381365113
6125,133.18734894574547
6126,133.2089340778398
6127,133.23051920993416
6128,133.2521043420285
6129,133.27368947412285
6130,133.2952746062172
6131,133.31685973831154
6132,133.33844487040585
6133,133.3600300025002
6134,133.38161513459454
6135,133.40320026668888
6136,133.42478539878323
6137,133.44637053087757
6138,133.46795566297192
6139,133.48954079506626
6140,133.5111259271606
6141,133.53271105925492
6142,133.55429619134927
6143,133.5758813234436
6144,133.59746645553795
6145,133.6190515876323
6146,133.64063671972664
6147,133.662221851821
6148,133.68380698391533
6149,133.70539211600968
6150,133.726977248104
6151,133.74856238019834
6152,133.77014751229268
6153,133.79173264438703
6154,133.81331777648137
6155,133.8349029085757
6156,133.85648804067006
6157,133.8780731727644
6158,133.89965830485875
6159,133.92124343695306
6160,133.9428285690474
6161,133.96441370114175
6162,133.9859988332361
6163,134.00758396533044
6164,134.02916909742478
6165,134.05075422951913
6166,134.07233936161347
6167,134.09392449370782
6168,134.11550962580213
6169,134.13709475789648
6170,134.15867988999082
6171,134.18026502208517
6172,134.2018501541795
6173,134.22343528627385
6174,134.2450204183682
6175,134.26660555046254
6176,134.2881906825569
6177,134.3097758146512
6178,134.33136094674555
6179,134.3529460788399
6180,134.37453121093424
6181,134.39611634302858
6182,134.41770147512293
6183,134.43928660721727
6184,134.4608717393116
6185,134.48245687140596
6186,134.50404200350027
6187,134.52562713559462
6188,134.54721226768896
6189,134.5687973997833
6190,134.59038253187765
6191,134.611967663972
6192,134.63355279606634
6193,134.65513792816068
6194,134.67672306025503
6195,134.69830819234937
6196,134.7198933244437
6197,134.74147845653803
6198,134.76306358863238
6199,134.78464872072672
6200,134.80623385282107
6201,134.8278189849154
6202,134.84940411700975
6203,134.8709892491041
6204,134.89257438119844
6205,134.91415951329276
6206,134.9357446453871
6207,134.95732977748145
6208,134.9789149095758
6209,135.00050004167014
6210,135.02208517376448
6211,135.04367030585883
6212,135.06525543795317
6213,135.0868405700475
6214,135.10842570214183
6215,135.13001083423617
6216,135.15159596633052
6217,135.17318109842486
6218,135.1947662305192
6219,135.21635136261355
6220,135.2379364947079
6221,135.25952162680224
6222,135.28110675889658
6223,135.3026918909909
6224,135.32427702308524
6225,135.3458621551796
6226,135.36744728727393
6227,135.38903241936828
6228,135.41061755146262
6229,135.43220268355697
6230,135.4537878156513
6231,135.47537294774565
6232,135.49695807983997
6233,135.51854321193431
6234,135.54012834402866
6235,135.561713476123
6236,135.58329860821735
6237,135.6048837403117
6238,135.62646887240604
6239,135.64805400450038
6240,135.66963913659472
6241,135.69122426868904
6242,135.71280940078339
6243,135.73439453287773
6244,135.75597966497207
6245,135.77756479706642
6246,135.79914992916076
6247,135.8207350612551
6248,135.84232019334945
6249,135.8639053254438
6250,135.8854904575381
6251,135.90707558963246
6252,135.9286607217268
6253,135.95024585382114
6254,135.9718309859155
6255,135.99341611800983
6256,136.01500125010418
6257,136.03658638219852
6258,136.05817151429287
6259,136.07975664638718
6260,136.10134177848153
6261,136.12292691057587
6262,136.14451204267021
6263,136.16609717476456
6264,136.1876823068589
6265,136.20926743895325
6266,136.2308525710476
6267,136.25243770314194
6268,136.27402283523625
6269,136.2956079673306
6270,136.31719309942494
6271,136.33877823151929
6272,136.36036336361363
6273,136.38194849570797
6274,136.40353362780232
6275,136.42511875989666
6276,136.446703891991
6277,136.46828902408532
6278,136.48987415617967
6279,136.511459288274
6280,136.53304442036836
6281,136.5546295524627
6282,136.57621468455704
6283,136.5977998166514
6284,136.61938494874573
6285,136.64097008084008
6286,136.66255521293442
6287,136.68414034502874
6288,136.70572547712308
6289,136.72731060921743
6290,136.74889574131177
6291,136.77048087340611
6292,136.79206600550046
6293,136.8136511375948
6294,136.83523626968915
6295,136.8568214017835
6296,136.8784065338778
6297,136.89999166597215
6298,136.9215767980665
6299,136.94316193016084
6300,136.96474706225519
6301,136.98633219434953
6302,137.00791732644387
6303,137.02950245853822
6304,137.05108759063256
6305,137.07267272272688
6306,137.09425785482122
6307,137.11584298691557
6308,137.1374281190099
6309,137.15901325110426
6310,137.1805983831986
6311,137.20218351529294
6312,137.2237686473873
6313,137.24535377948163
6314,137.26693891157595
6315,137.2885240436703
6316,137.31010917576464
6317,137.33169430785898
6318,137.35327943995333
6319,137.37486457204767
6320,137.39644970414201
6321,137.41803483623636
6322,137.4396199683307
6323,137.46120510042502
6324,137.48279023251936
6325,137.5043753646137
6326,137.52596049670805
6327,137.5475456288024
6328,137.56913076089674
6329,137.59071589299108
6330,137.61230102508543
6331,137.63388615717977
6332,137.6554712892741
6333,137.67705642136843
6334,137.69864155346278
6335,137.72022668555712
6336,137.74181181765147
6337,137.7633969497458
6338,137.78498208184016
6339,137.8065672139345
6340,137.82815234602884
6341,137.84973747812316
6342,137.8713226102175
6343,137.89290774231185
6344,137.9144928744062
6345,137.93607800650054
6346,137.95766313859488
6347,137.97924827068923
6348,138.00083340278357
6349,138.02241853487791
6350,138.04400366697223
6351,138.06558879906657
6352,138.08717393116092
6353,138.10875906325526
6354,138.1303441953496
6355,138.15192932744395
6356,138.1735144595383
6357,138.19509959163264
6358,138.21668472372698
6359,138.2382698558213
6360,138.25985498791565
6361,138.28144012001
6362,138.30302525210433
6363,138.32461038419868
6364,138.34619551629302
6365,138.36778064838737
6366,138.3893657804817
6367,138.41095091257606
6368,138.4325360446704
6369,138.45412117676472
6370,138.47570630885906
6371,138.4972914409534
6372,138.51887657304775
6373,138.5404617051421
6374,138.56204683723644
6375,138.58363196933078
6376,138.60521710142513
6377,138.62680223351947
6378,138.6483873656138
6379,138.66997249770813
6380,138.69155762980247
6381,138.71314276189682
6382,138.73472789399116
6383,138.7563130260855
6384,138.77789815817985
6385,138.7994832902742
6386,138.82106842236854
6387,138.84265355446286
6388,138.8642386865572
6389,138.88582381865155
6390,138.9074089507459
6391,138.92899408284023
6392,138.95057921493458
6393,138.97216434702892
6394,138.99374947912327
6395,139.0153346112176
6396,139.03691974331193
6397,139.05850487540627
6398,139.08009000750062
6399,139.10167513959496
6400,139.1232602716893
6401,139.14484540378365
6402,139.166430535878
6403,139.18801566797234
6404,139.20960080006668
6405,139.231185932161
6406,139.25277106425534
6407,139.2743561963497
6408,139.29594132844403
6409,139.31752646053837
6410,139.33911159263272
6411,139.36069672472706
6412,139.3822818568214
6413,139.40386698891575
6414,139.42545212101007
6415,139.4470372531044
6416,139.46862238519876
6417,139.4902075172931
6418,139.51179264938744
6419,139.5333777814818
6420,139.55496291357613
6421,139.57654804567048
6422,139.59813317776482
6423,139.61971830985914
6424,139.64130344195348
6425,139.66288857404783
6426,139.68447370614217
6427,139.70605883823652
6428,139.72764397033086
6429,139.7492291024252
6430,139.77081423451955
6431,139.7923993666139
6432,139.8139844987082
6433,139.83556963080255
6434,139.8571547628969
6435,139.87873989499124
6436,139.9003250270856
6437,139.92191015917993
6438,139.94349529127427
6439,139.96508042336862
6440,139.98666555546296
6441,140.00825068755728
6442,140.02983581965162
6443,140.05142095174597
6444,140.0730060838403
6445,140.09459121593466
6446,140.116176348029
6447,140.13776148012334
6448,140.1593466122177
6449,140.18093174431203
6450,140.20251687640635
6451,140.2241020085007
6452,140.24568714059504
6453,140.26727227268938
6454,140.28885740478373
6455,140.31044253687807
6456,140.33202766897242
6457,140.35361280106676
6458,140.3751979331611
6459,140.39678306525545
6460,140.41836819734976
6461,140.4399533294441
6462,140.46153846153845
6463,140.4831235936328
6464,140.50470872572714
6465,140.52629385782149
6466,140.54787898991583
6467,140.56946412201017
6468,140.59104925410452
6469,140.61263438619883
6470,140.63421951829318
6471,140.65580465038752
6472,140.67738978248187
6473,140.6989749145762
6474,140.72056004667056
6475,140.7421451787649
6476,140.76373031085924
6477,140.7853154429536
6478,140.8069005750479
6479,140.82848570714225
6480,140.8500708392366
6481,140.87165597133094
6482,140.89324110342528
6483,140.91482623551963
6484,140.93641136761397
6485,140.95799649970832
6486,140.97958163180266
6487,141.00116676389698
6488,141.02275189599132
6489,141.04433702808566
6490,141.06592216018
6491,141.08750729227435
6492,141.1090924243687
6493,141.13067755646304
6494,141.15226268855739
6495,141.17384782065173
6496,141.19543295274605
6497,141.2170180848404
6498,141.23860321693473
6499,141.26018834902908
6500,141.28177348112342
6501,141.30335861321777
6502,141.3249437453121
6503,141.34652887740646
6504,141.3681140095008
6505,141.38969914159512
6506,141.41128427368946
6507,141.4328694057838
6508,141.45445453787815
6509,141.4760396699725
6510,141.49762480206684
6511,141.51920993416118
6512,141.54079506625553
6513,141.56238019834987
6514,141.5839653304442
6515,141.60555046253853
6516,141.62713559463288
6517,141.64872072672722
6518,141.67030585882156
6519,141.6918909909159
6520,141.71347612301025
6521,141.7350612551046
6522,141.75664638719894
6523,141.77823151929326
6524,141.7998166513876
6525,141.82140178348195
6526,141.8429869155763
6527,141.86457204767063
6528,141.88615717976498
6529,141.90774231185932
6530,141.92932744395367
6531,141.950912576048
6532,141.97249770814233
6533,141.99408284023667
6534,142.01566797233102
6535,142.03725310442536
6536,142.0588382365197
6537,142.08042336861405
6538,142.1020085007084
6539,142.12359363280274
6540,142.14517876489708
6541,142.1667638969914
6542,142.18834902908574
6543,142.2099341611801
6544,142.23151929327443
6545,142.25310442536878
6546,142.27468955746312
6547,142.29627468955746
6548,142.3178598216518
6549,142.33944495374615
6550,142.3610300858405
6551,142.3826152179348
6552,142.40420035002916
6553,142.4257854821235
6554,142.44737061421785
6555,142.4689557463122
6556,142.49054087840653
6557,142.51212601050088
6558,142.53371114259522
6559,142.55529627468957
6560,142.57688140678388
6561,142.59846653887823
6562,142.62005167097257
6563,142.64163680306692
6564,142.66322193516126
6565,142.6848070672556
6566,142.70639219934995
6567,142.7279773314443
6568,142.74956246353864
6569,142.77114759563295
6570,142.7927327277273
6571,142.81431785982164
6572,142.835902991916
6573,142.85748812401033
6574,142.87907325610468
6575,142.90065838819902
6576,142.92224352029336
6577,142.9438286523877
6578,142.96541378448202
6579,142.98699891657637
6580,143.0085840486707
6581,143.03016918076506
6582,143.0517543128594
6583,143.07333944495375
6584,143.0949245770481
6585,143.11650970914243
6586,143.13809484123678
6587,143.1596799733311
6588,143.18126510542544
6589,143.20285023751978
6590,143.22443536961413
6591,143.24602050170847
6592,143.26760563380282
6593,143.28919076589716
6594,143.3107758979915
6595,143.33236103008585
6596,143.35394616218016
6597,143.3755312942745
6598,143.39711642636885
6599,143.4187015584632
6600,143.44028669055754
6601,143.4618718226519
6602,143.48345695474623
6603,143.50504208684058
6604,143.52662721893492
6605,143.54821235102924
6606,143.56979748312358
6607,143.59138261521792
6608,143.61296774731227
6609,143.6345528794066
6610,143.65613801150096
6611,143.6777231435953
6612,143.69930827568965
6613,143.720893407784
6614,143.7424785398783
6615,143.76406367197265
6616,143.785648804067
6617,143.80723393616134
6618,143.82881906825568
6619,143.85040420035003
6620,143.87198933244437
6621,143.89357446453872
6622,143.91515959663306
6623,143.93674472872738
6624,143.95832986082172
6625,143.97991499291606
6626,144.0015001250104
6627,144.02308525710475
6628,144.0446703891991
6629,144.06625552129344
6630,144.0878406533878
6631,144.10942578548213
6632,144.13101091757645
6633,144.1525960496708
6634,144.17418118176514
6635,144.19576631385948
6636,144.21735144595382
6637,144.23893657804817
6638,144.2605217101425
6639,144.28210684223686
6640,144.3036919743312
6641,144.32527710642555
6642,144.34686223851986
6643,144.3684473706142
6644,144.39003250270855
6645,144.4116176348029
6646,144.43320276689724
6647,144.45478789899158
6648,144.47637303108593
6649,144.49795816318027
6650,144.51954329527462
6651,144.54112842736893
6652,144.56271355946328
6653,144.58429869155762
6654,144.60588382365196
6655,144.6274689557463
6656,144.64905408784065
6657,144.670639219935
6658,144.69222435202934
6659,144.7138094841237
6660,144.735394616218
6661,144.75697974831235
6662,144.7785648804067
6663,144.80015001250104
6664,144.82173514459538
6665,144.84332027668972
6666,144.86490540878407
6667,144.8864905408784
6668,144.90807567297276
6669,144.92966080506707
6670,144.95124593716142
6671,144.97283106925576
6672,144.9944162013501
6673,145.01600133344445
6674,145.0375864655388
6675,145.05917159763314
6676,145.08075672972748
6677,145.10234186182183
6678,145.12392699391614
6679,145.1455121260105
6680,145.16709725810483
6681,145.18868239019918
6682,145.21026752229352
6683,145.23185265438786
6684,145.2534377864822
6685,145.27502291857655
6686,145.2966080506709
6687,145.3181931827652
6688,145.33977831485956
6689,145.3613634469539
6690,145.38294857904825
6691,145.4045337111426
6692,145.42611884323694
6693,145.44770397533128
6694,145.46928910742562
6695,145.49087423951997
6696,145.51245937161428
6697,145.53404450370863
6698,145.55562963580297
6699,145.57721476789732
6700,145.59879989999166
6701,145.620385032086
6702,145.64197016418035
6703,145.6635552962747
6704,145.68514042836904
6705,145.70672556046335
6706,145.7283106925577
6707,145.74989582465204
6708,145.7714809567464
6709,145.79306608884073
6710,145.81465122093508
6711,145.83623635302942
6712,145.85782148512376
6713,145.8794066172181
6714,145.90099174931242
6715,145.92257688140677
6716,145.9441620135011
6717,145.96574714559546
6718,145.9873322776898
6719,146.00891740978415
6720,146.0305025418785
6721,146.05208767397284
6722,146.07367280606718
6723,146.0952579381615
6724,146.11684307025584
6725,146.13842820235018
6726,146.16001333444453
6727,146.18159846653887
6728,146.20318359863322
6729,146.22476873072756
6730,146.2463538628219
6731,146.26793899491625
6732,146.2895241270106
6733,146.3111092591049
6734,146.33269439119925
6735,146.3542795232936
6736,146.37586465538794
6737,146.3974497874823
6738,146.41903491957663
6739,146.44062005167098
6740,146.46220518376532
6741,146.48379031585966
6742,146.50537544795398
6743,146.52696058004832
6744,146.54854571214267
6745,146.570130844237
6746,146.59171597633136
6747,146.6133011084257
6748,146.63488624052005
6749,146.6564713726144
6750,146.67805650470874
6751,146.69964163680305
6752,146.7212267688974
6753,146.74281190099174
6754,146.76439703308608
6755,146.78598216518043
6756,146.80756729727477
6757,146.82915242936912
6758,146.85073756146346
6759,146.8723226935578
6760,146.89390782565212
6761,146.91549295774647
6762,146.9370780898408
6763,146.95866322193515
6764,146.9802483540295
6765,147.00183348612384
6766,147.0234186182182
6767,147.04500375031253
6768,147.06658888240688
6769,147.0881740145012
6770,147.10975914659554
6771,147.13134427868988
6772,147.15292941078422
6773,147.17451454287857
6774,147.1960996749729
6775,147.21768480706726
6776,147.2392699391616
6777,147.26085507125595
6778,147.28244020335026
6779,147.3040253354446
6780,147.32561046753895
6781,147.3471955996333
6782,147.36878073172764
6783,147.39036586382198
6784,147.41195099591633
6785,147.43353612801067
6786,147.45512126010502
6787,147.47670639219933
6788,147.49829152429368
6789,147.51987665638802
6790,147.54146178848237
6791,147.5630469205767
6792,147.58463205267105
6793,147.6062171847654
6794,147.62780231685974
6795,147.6493874489541
6796,147.6709725810484
6797,147.69255771314275
6798,147.7141428452371
6799,147.73572797733144
6800,147.75731310942578
6801,147.77889824152012
6802,147.80048337361447
6803,147.8220685057088
6804,147.84365363780316
6805,147.86523876989747
6806,147.88682390199182
6807,147.90840903408616
6808,147.9299941661805
6809,147.95157929827485
6810,147.9731644303692
6811,147.99474956246354
6812,148.01633469455788
6813,148.03791982665223
6814,148.05950495874657
6815,148.0810900908409
6816,148.10267522293523
6817,148.12426035502958
6818,148.14584548712392
6819,148.16743061921827
6820,148.1890157513126
6821,148.21060088340695
6822,148.2321860155013
6823,148.25377114759564
6824,148.27535627968996
6825,148.2969414117843
6826,148.31852654387865
6827,148.340111675973
6828,148.36169680806734
6829,148.38328194016168
6830,148.40486707225602
6831,148.42645220435037
6832,148.4480373364447
6833,148.46962246853903
6834,148.49120760063337
6835,148.51279273272772
6836,148.53437786482206
6837,148.5559629969164
6838,148.57754812901075
6839,148.5991332611051
6840,148.62071839319944
6841,148.64230352529378
6842,148.6638886573881
6843,148.68547378948244
6844,148.7070589215768
6845,148.72864405367113
6846,148.75022918576548
6847,148.77181431785982
6848,148.79339944995417
6849,148.8149845820485
6850,148.83656971414285
6851,148.85815484623717
6852,148.87973997833151
6853,148.90132511042586
6854,148.9229102425202
6855,148.94449537461455
6856,148.9660805067089
6857,148.98766563880324
6858,149.00925077089758
6859,149.03083590299192
6860,149.05242103508624
6861,149.07400616718058
6862,149.09559129927493
6863,149.11717643136927
6864,149.13876156346362
6865,149.16034669555796
6866,149.1819318276523
6867,149.20351695974665
6868,149.225102091841
6869,149.2466872239353
6870,149.26827235602966
6871,149.289857488124
6872,149.31144262021834
6873,149.3330277523127
6874,149.35461288440703
6875,149.37619801650138
6876,149.39778314859572
6877,149.41936828069007
6878,149.44095341278438
6879,149.46253854487873
6880,149.48412367697307
6881,149.50570880906741
6882,149.52729394116176
6883,149.5488790732561
6884,149.57046420535045
6885,149.5920493374448
6886,149.61363446953914
6887,149.63521960163345
6888,149.6568047337278
6889,149.67838986582214
6890,149.69997499791648
6891,149.72156013001083
6892,149.74314526210517
6893,149.76473039419952
6894,149.78631552629386
6895,149.8079006583882
6896,149.82948579048252
6897,149.85107092257687
6898,149.8726560546712
6899,149.89424118676556
6900,149.9158263188599
6901,149.93741145095424
6902,149.9589965830486
6903,149.98058171514293
6904,150.00216684723728
6905,150.02375197933162
6906,150.04533711142594
6907,150.06692224352028
6908,150.08850737561463
6909,150.11009250770897
6910,150.1316776398033
6911,150.15326277189766
6912,150.174847903992
6913,150.19643303608635
6914,150.2180181681807
6915,150.239603300275
6916,150.26118843236935
6917,150.2827735644637
6918,150.30435869655804
6919,150.32594382865238
6920,150.34752896074673
6921,150.36911409284107
6922,150.39069922493542
6923,150.41228435702976
6924,150.43386948912408
6925,150.45545462121842
6926,150.47703975331277
6927,150.4986248854071
6928,150.52021001750146
6929,150.5417951495958
6930,150.56338028169014
6931,150.5849654137845
6932,150.60655054587883
6933,150.62813567797315
6934,150.6497208100675
6935,150.67130594216184
6936,150.69289107425618
6937,150.71447620635053
6938,150.73606133844487
6939,150.7576464705392
6940,150.77923160263356
6941,150.8008167347279
6942,150.82240186682222
6943,150.84398699891656
6944,150.8655721310109
6945,150.88715726310525
6946,150.9087423951996
6947,150.93032752729394
6948,150.95191265938828
6949,150.97349779148263
6950,150.99508292357697
6951,151.0166680556713
6952,151.03825318776563
6953,151.05983831985998
6954,151.08142345195432
6955,151.10300858404867
6956,151.124593716143
6957,151.14617884823735
6958,151.1677639803317
6959,151.18934911242604
6960,151.21093424452036
6961,151.2325193766147
6962,151.25410450870905
6963,151.2756896408034
6964,151.29727477289774
6965,151.31885990499208
6966,151.34044503708643
6967,151.36203016918077
6968,151.3836153012751
6969,151.40520043336943
6970,151.42678556546377
6971,151.44837069755812
6972,151.46995582965246
6973,151.4915409617468
6974,151.51312609384115
6975,151.5347112259355
6976,151.55629635802984
6977,151.57788149012418
6978,151.5994666222185
6979,151.62105175431284
6980,151.6426368864072
6981,151.66422201850153
6982,151.68580715059588
6983,151.70739228269022
6984,151.72897741478457
6985,151.7505625468789
6986,151.77214767897325
6987,151.79373281106757
6988,151.81531794316192
6989,151.83690307525626
6990,151.8584882073506
6991,151.88007333944495
6992,151.9016584715393
6993,151.92324360363364
6994,151.94482873572798
6995,151.96641386782233
6996,151.98799899991667
6997,152.00958413201099
6998,152.03116926410533
6999,152.05275439619967
7000,152.07433952829402
7001,152.09592466038836
7002,152.1175097924827
7003,152.13909492457705
7004,152.1606800566714
7005,152.18226518876574
7006,152.20385032086006
7007,152.2254354529544
7008,152.24702058504874
7009,152.2686057171431
7010,152.29019084923743
7011,152.31177598133178
7012,152.33336111342612
7013,152.35494624552047
7014,152.3765313776148
7015,152.39811650970913
7016,152.41970164180347
7017,152.44128677389782
7018,152.46287190599216
7019,152.4844570380865
7020,152.50604217018085
7021,152.5276273022752
7022,152.54921243436954
7023,152.57079756646388
7024,152.5923826985582
7025,152.61396783065254
7026,152.63555296274689
7027,152.65713809484123
7028,152.67872322693557
7029,152.70030835902992
7030,152.72189349112426
7031,152.7434786232186
7032,152.76506375531295
7033,152.78664888740727
7034,152.8082340195016
7035,152.82981915159596
7036,152.8514042836903
7037,152.87298941578464
7038,152.894574547879
7039,152.91615967997333
7040,152.93774481206768
7041,152.95932994416202
7042,152.98091507625634
7043,153.00250020835068
7044,153.02408534044503
7045,153.04567047253937
7046,153.06725560463371
7047,153.08884073672806
7048,153.1104258688224
7049,153.13201100091675
7050,153.1535961330111
7051,153.1751812651054
7052,153.19676639719975
7053,153.2183515292941
7054,153.23993666138844
7055,153.26152179348279
7056,153.28310692557713
7057,153.30469205767147
7058,153.32627718976582
7059,153.34786232186016
7060,153.36944745395448
7061,153.39103258604882
7062,153.41261771814317
7063,153.4342028502375
7064,153.45578798233186
7065,153.4773731144262
7066,153.49895824652054
7067,153.5205433786149
7068,153.54212851070923
7069,153.56371364280355
7070,153.5852987748979
7071,153.60688390699224
7072,153.62846903908658
7073,153.65005417118093
7074,153.67163930327527
7075,153.69322443536961
7076,153.71480956746396
7077,153.7363946995583
7078,153.75797983165262
7079,153.77956496374696
7080,153.8011500958413
7081,153.82273522793565
7082,153.84432036003
7083,153.86590549212434
7084,153.88749062421869
7085,153.90907575631303
7086,153.93066088840737
7087,153.95224602050172
7088,153.97383115259603
7089,153.99541628469038
7090,154.01700141678472
7091,154.03858654887907
7092,154.0601716809734
7093,154.08175681306776
7094,154.1033419451621
7095,154.12492707725644
7096,154.1465122093508
7097,154.1680973414451
7098,154.18968247353945
7099,154.2112676056338
7100,154.23285273772814
7101,154.25443786982248
7102,154.27602300191683
7103,154.29760813401117
7104,154.31919326610551
7105,154.34077839819986
7106,154.36236353029418
7107,154.38394866238852
7108,154.40553379448286
7109,154.4271189265772
7110,154.44870405867155
7111,154.4702891907659
7112,154.49187432286024
7113,154.51345945495459
7114,154.53504458704893
7115,154.55662971914325
7116,154.5782148512376
7117,154.59979998333193
7118,154.62138511542628
7119,154.64297024752062
7120,154.66455537961497
7121,154.6861405117093
7122,154.70772564380366
7123,154.729310775898
7124,154.75089590799232
7125,154.77248104008666
7126,154.794066172181
7127,154.81565130427535
7128,154.8372364363697
7129,154.85882156846404
7130,154.88040670055838
7131,154.90199183265273
7132,154.92357696474707
7133,154.9451620968414
7134,154.96674722893573
7135,154.98833236103007
7136,155.00991749312442
7137,155.03150262521876
7138,155.0530877573131
7139,155.07467288940745
7140,155.0962580215018
7141,155.11784315359614
7142,155.13942828569046
7143,155.1610134177848
7144,155.18259854987915
7145,155.2041836819735
7146,155.22576881406783
7147,155.24735394616218
7148,155.26893907825652
7149,155.29052421035087
7150,155.3121093424452
7151,155.33369447453953
7152,155.35527960663387
7153,155.37686473872822
7154,155.39844987082256
7155,155.4200350029169
7156,155.44162013501125
7157,155.4632052671056
7158,155.48479039919994
7159,155.50637553129428
7160,155.5279606633886
7161,155.54954579548294
7162,155.5711309275773
7163,155.59271605967163
7164,155.61430119176597
7165,155.63588632386032
7166,155.65747145595466
7167,155.679056588049
7168,155.70064172014335
7169,155.72222685223767
7170,155.743811984332
7171,155.76539711642636
7172,155.7869822485207
7173,155.80856738061505
7174,155.8301525127094
7175,155.85173764480373
7176,155.87332277689808
7177,155.89490790899242
7178,155.91649304108677
7179,155.93807817318108
7180,155.95966330527543
7181,155.98124843736977
7182,156.00283356946412
7183,156.02441870155846
7184,156.0460038336528
7185,156.06758896574715
7186,156.0891740978415
7187,156.11075922993584
7188,156.13234436203015
7189,156.1539294941245
7190,156.17551462621884
7191,156.1970997583132
7192,156.21868489040753
7193,156.24027002250187
7194,156.26185515459622
7195,156.28344028669056
7196,156.3050254187849
7197,156.32661055087922
7198,156.34819568297357
7199,156.3697808150679
7200,156.39136594716226
7201,156.4129510792566
7202,156.43453621135095
7203,156.4561213434453
7204,156.47770647553963
7205,156.49929160763398
7206,156.5208767397283
7207,156.54246187182264
7208,156.56404700391698
7209,156.58563213601133
7210,156.60721726810567
7211,156.62880240020002
7212,156.65038753229436
7213,156.6719726643887
7214,156.69355779648305
7215,156.71514292857736
7216,156.7367280606717
7217,156.75831319276605
7218,156.7798983248604
7219,156.80148345695474
7220,156.8230685890491
7221,156.84465372114343
7222,156.86623885323777
7223,156.88782398533212
7224,156.90940911742643
7225,156.93099424952078
7226,156.95257938161512
7227,156.97416451370947
7228,156.9957496458038
7229,157.01733477789816
7230,157.0389199099925
7231,157.06050504208685
7232,157.0820901741812
7233,157.1036753062755
7234,157.12526043836985
7235,157.1468455704642
7236,157.16843070255854
7237,157.19001583465288
7238,157.21160096674723
7239,157.23318609884157
7240,157.25477123093592
7241,157.27635636303026
7242,157.29794149512458
7243,157.31952662721892
7244,157.34111175931326
7245,157.3626968914076
7246,157.38428202350195
7247,157.4058671555963
7248,157.42745228769064
7249,157.449037419785
7250,157.47062255187933
7251,157.49220768397365
7252,157.513792816068
7253,157.53537794816233
7254,157.55696308025668
7255,157.57854821235102
7256,157.60013334444537
7257,157.6217184765397
7258,157.64330360863406
7259,157.6648887407284
7260,157.68647387282275
7261,157.70805900491706
7262,157.7296441370114
7263,157.75122926910575
7264,157.7728144012001
7265,157.79439953329444
7266,157.81598466538878
7267,157.83756979748313
7268,157.85915492957747
7269,157.88074006167182
7270,157.90232519376613
7271,157.92391032586048
7272,157.94549545795482
7273,157.96708059004916
7274,157.9886657221435
7275,158.01025085423785
7276,158.0318359863322
7277,158.05342111842654
7278,158.0750062505209
7279,158.0965913826152
7280,158.11817651470955
7281,158.1397616468039
7282,158.16134677889823
7283,158.18293191099258
7284,158.20451704308692
7285,158.22610217518127
7286,158.2476873072756
7287,158.26927243936996
7288,158.29085757146427
7289,158.31244270355862
7290,158.33402783565296
7291,158.3556129677473
7292,158.37719809984165
7293,158.398783231936
7294,158.42036836403034
7295,158.44195349612468
7296,158.46353862821903
7297,158.48512376031334
7298,158.5067088924077
7299,158.52829402450203
7300,158.54987915659638
7301,158.57146428869072
7302,158.59304942078506
7303,158.6146345528794
7304,158.63621968497375
7305,158.6578048170681
7306,158.6793899491624
7307,158.70097508125676
7308,158.7225602133511
7309,158.74414534544545
7310,158.7657304775398
7311,158.78731560963413
7312,158.80890074172848
7313,158.83048587382282
7314,158.85207100591717
7315,158.87365613801148
7316,158.89524127010583
7317,158.91682640220017
7318,158.93841153429452
7319,158.95999666638886
7320,158.9815817984832
7321,159.00316693057755
7322,159.0247520626719
7323,159.04633719476624
7324,159.06792232686055
7325,159.0895074589549
7326,159.11109259104924
7327,159.1326777231436
7328,159.15426285523793
7329,159.17584798733228
7330,159.19743311942662
7331,159.21901825152096
7332,159.2406033836153
7333,159.26218851570962
7334,159.28377364780397
7335,159.3053587798983
7336,159.32694391199266
7337,159.348529044087
7338,159.37011417618135
7339,159.3916993082757
7340,159.41328444037003
7341,159.43486957246438
7342,159.4564547045587
7343,159.47803983665304
7344,159.49962496874738
7345,159.52121010084173
7346,159.54279523293607
7347,159.56438036503042
7348,159.58596549712476
7349,159.6075506292191
7350,159.62913576131345
7351,159.6507208934078
7352,159.6723060255021
7353,159.69389115759645
7354,159.7154762896908
7355,159.73706142178514
7356,159.7586465538795
7357,159.78023168597383
7358,159.80181681806818
7359,159.82340195016252
7360,159.84498708225686
7361,159.86657221435118
7362,159.88815734644552
7363,159.90974247853987
7364,159.9313276106342
7365,159.95291274272856
7366,159.9744978748229
7367,159.99608300691725
7368,160.0176681390116
7369,160.03925327110593
7370,160.06083840320025
7371,160.0824235352946
7372,160.10400866738894
7373,160.12559379948328
7374,160.14717893157763
7375,160.16876406367197
7376,160.19034919576632
7377,160.21193432786066
7378,160.233519459955
7379,160.25510459204932
7380,160.27668972414367
7381,160.298274856238
7382,160.31985998833235
7383,160.3414451204267
7384,160.36303025252104
7385,160.3846153846154
7386,160.40620051670973
7387,160.42778564880408
7388,160.4493707808984
7389,160.47095591299274
7390,160.49254104508708
7391,160.51412617718142
7392,160.53571130927577
7393,160.5572964413701
7394,160.57888157346446
7395,160.6004667055588
7396,160.62205183765315
7397,160.64363696974746
7398,160.6652221018418
7399,160.68680723393615
7400,160.7083923660305
7401,160.72997749812484
7402,160.75156263021918
7403,160.77314776231353
7404,160.79473289440787
7405,160.81631802650222
7406,160.83790315859653
7407,160.85948829069088
7408,160.88107342278522
7409,160.90265855487957
7410,160.9242436869739
7411,160.94582881906825
7412,160.9674139511626
7413,160.98899908325694
7414,161.0105842153513
7415,161.0321693474456
7416,161.05375447953995
7417,161.0753396116343
7418,161.09692474372864
7419,161.11850987582298
7420,161.14009500791732
7421,161.16168014001167
7422,161.183265272106
7423,161.20485040420036
7424,161.22643553629467
7425,161.24802066838902
7426,161.26960580048336
7427,161.2911909325777
7428,161.31277606467205
7429,161.3343611967664
7430,161.35594632886074
7431,161.37753146095508
7432,161.39911659304943
7433,161.42070172514374
7434,161.4422868572381
7435,161.46387198933243
7436,161.48545712142678
7437,161.50704225352112
7438,161.52862738561547
7439,161.5502125177098
7440,161.57179764980415
7441,161.5933827818985
7442,161.61496791399284
7443,161.63655304608716
7444,161.6581381781815
7445,161.67972331027585
7446,161.7013084423702
7447,161.72289357446454
7448,161.74447870655888
7449,161.76606383865322
7450,161.78764897074757
7451,161.8092341028419
7452,161.83081923493623
7453,161.85240436703057
7454,161.87398949912492
7455,161.89557463121926
7456,161.9171597633136
7457,161.93874489540795
7458,161.9603300275023
7459,161.98191515959664
7460,162.00350029169098
7461,162.0250854237853
7462,162.04667055587964
7463,162.068255687974
7464,162.08984082006833
7465,162.11142595216268
7466,162.13301108425702
7467,162.15459621635137
7468,162.1761813484457
7469,162.19776648054005
7470,162.21935161263437
7471,162.2409367447287
7472,162.26252187682306
7473,162.2841070089174
7474,162.30569214101175
7475,162.3272772731061
7476,162.34886240520044
7477,162.37044753729478
7478,162.39203266938912
7479,162.41361780148344
7480,162.43520293357778
7481,162.45678806567213
7482,162.47837319776647
7483,162.49995832986082
7484,162.52154346195516
7485,162.5431285940495
7486,162.56471372614385
7487,162.5862988582382
7488,162.6078839903325
7489,162.62946912242685
7490,162.6510542545212
7491,162.67263938661554
7492,162.6942245187099
7493,162.71580965080423
7494,162.73739478289858
7495,162.75897991499292
7496,162.78056504708726
7497,162.80215017918158
7498,162.82373531127593
7499,162.84532044337027
7500,162.8669055754646
7501,162.88849070755896
7502,162.9100758396533
7503,162.93166097174765
7504,162.953246103842
7505,162.97483123593634
7506,162.99641636803065
7507,163.018001500125
7508,163.03958663221934
7509,163.06117176431368
7510,163.08275689640803
7511,163.10434202850237
7512,163.12592716059672
7513,163.14751229269106
7514,163.1690974247854
7515,163.19068255687972
7516,163.21226768897407
7517,163.2338528210684
7518,163.25543795316275
7519,163.2770230852571
7520,163.29860821735144
7521,163.3201933494458
7522,163.34177848154013
7523,163.36336361363448
7524,163.3849487457288
7525,163.40653387782314
7526,163.42811900991748
7527,163.44970414201183
7528,163.47128927410617
7529,163.4928744062005
7530,163.51445953829486
7531,163.5360446703892
7532,163.55762980248355
7533,163.5792149345779
7534,163.6008000666722
7535,163.62238519876655
7536,163.6439703308609
7537,163.66555546295524
7538,163.68714059504958
7539,163.70872572714393
7540,163.73031085923827
7541,163.75189599133262
7542,163.77348112342696
7543,163.79506625552128
7544,163.81665138761562
7545,163.83823651970997
7546,163.8598216518043
7547,163.88140678389865
7548,163.902991915993
7549,163.92457704808734
7550,163.9461621801817
7551,163.96774731227603
7552,163.98933244437035
7553,164.0109175764647
7554,164.03250270855904
7555,164.05408784065338
7556,164.07567297274772
7557,164.09725810484207
7558,164.1188432369364
7559,164.14042836903076
7560,164.1620135011251
7561,164.18359863321942
7562,164.20518376531376
7563,164.2267688974081
7564,164.24835402950245
7565,164.2699391615968
7566,164.29152429369114
7567,164.31310942578548
7568,164.33469455787983
7569,164.35627968997417
7570,164.3778648220685
7571,164.39944995416283
7572,164.42103508625718
7573,164.44262021835152
7574,164.46420535044587
7575,164.4857904825402
7576,164.50737561463455
7577,164.5289607467289
7578,164.55054587882324
7579,164.57213101091756
7580,164.5937161430119
7581,164.61530127510625
7582,164.6368864072006
7583,164.65847153929494
7584,164.68005667138928
7585,164.70164180348362
7586,164.72322693557797
7587,164.7448120676723
7588,164.76639719976663
7589,164.78798233186097
7590,164.80956746395532
7591,164.83115259604966
7592,164.852737728144
7593,164.87432286023835
7594,164.8959079923327
7595,164.91749312442704
7596,164.93907825652138
7597,164.9606633886157
7598,164.98224852071004
7599,165.0038336528044
7600,165.02541878489873
7601,165.04700391699308
7602,165.06858904908742
7603,165.09017418118177
7604,165.1117593132761
7605,165.13334444537045
7606,165.15492957746477
7607,165.17651470955911
7608,165.19809984165346
7609,165.2196849737478
7610,165.24127010584215
7611,165.2628552379365
7612,165.28444037003084
7613,165.30602550212518
7614,165.32761063421952
7615,165.34919576631387
7616,165.37078089840819
7617,165.39236603050253
7618,165.41395116259687
7619,165.43553629469122
7620,165.45712142678556
7621,165.4787065588799
7622,165.50029169097425
7623,165.5218768230686
7624,165.54346195516294
7625,165.56504708725726
7626,165.5866322193516
7627,165.60821735144594
7628,165.6298024835403
7629,165.65138761563463
7630,165.67297274772898
7631,165.69455787982332
7632,165.71614301191767
7633,165.737728144012
7634,165.75931327610633
7635,165.78089840820067
7636,165.80248354029501
7637,165.82406867238936
7638,165.8456538044837
7639,165.86723893657805
7640,165.8888240686724
7641,165.91040920076674
7642,165.93199433286108
7643,165.9535794649554
7644,165.97516459704974
7645,165.99674972914408
7646,166.01833486123843
7647,166.03991999333277
7648,166.06150512542712
7649,166.08309025752146
7650,166.1046753896158
7651,166.12626052171015
7652,166.14784565380447
7653,166.1694307858988
7654,166.19101591799316
7655,166.2126010500875
7656,166.23418618218184
7657,166.2557713142762
7658,166.27735644637053
7659,166.29894157846488
7660,166.32052671055922
7661,166.34211184265354
7662,166.36369697474788
7663,166.38528210684223
7664,166.40686723893657
7665,166.42845237103091
7666,166.45003750312526
7667,166.4716226352196
7668,166.49320776731395
7669,166.5147928994083
7670,166.5363780315026
7671,166.55796316359695
7672,166.5795482956913
7673,166.60113342778564
7674,166.62271855987998
7675,166.64430369197433
7676,166.66588882406867
7677,166.68747395616302
7678,166.70905908825736
7679,166.73064422035168
7680,166.75222935244602
7681,166.77381448454037
7682,166.7953996166347
7683,166.81698474872906
7684,166.8385698808234
7685,166.86015501291774
7686,166.8817401450121
7687,166.90332527710643
7688,166.92491040920075
7689,166.9464955412951
7690,166.96808067338944
7691,166.98966580548378
7692,167.01125093757813
7693,167.03283606967247
7694,167.05442120176681
7695,167.07600633386116
7696,167.0975914659555
7697,167.11917659804982
7698,167.14076173014416
7699,167.1623468622385
7700,167.18393199433285
7701,167.2055171264272
7702,167.22710225852154
7703,167.24868739061588
7704,167.27027252271023
7705,167.29185765480457
7706,167.31344278689892
7707,167.33502791899323
7708,167.35661305108758
7709,167.37819818318192
7710,167.39978331527627
7711,167.4213684473706
7712,167.44295357946496
7713,167.4645387115593
7714,167.48612384365364
7715,167.507708975748
7716,167.5292941078423
7717,167.55087923993665
7718,167.572464372031
7719,167.59404950412534
7720,167.61563463621968
7721,167.63721976831403
7722,167.65880490040837
7723,167.68039003250271
7724,167.70197516459706
7725,167.72356029669137
7726,167.74514542878572
7727,167.76673056088006
7728,167.7883156929744
7729,167.80990082506875
7730,167.8314859571631
7731,167.85307108925744
7732,167.87465622135178
7733,167.89624135344613
7734,167.91782648554044
7735,167.9394116176348
7736,167.96099674972913
7737,167.98258188182348
7738,168.00416701391782
7739,168.02575214601217
7740,168.0473372781065
7741,168.06892241020086
7742,168.0905075422952
7743,168.11209267438952
7744,168.13367780648386
7745,168.1552629385782
7746,168.17684807067255
7747,168.1984332027669
7748,168.22001833486124
7749,168.24160346695558
7750,168.26318859904993
7751,168.28477373114427
7752,168.3063588632386
7753,168.32794399533293
7754,168.34952912742727
7755,168.37111425952162
7756,168.39269939161596
7757,168.4142845237103
7758,168.43586965580465
7759,168.457454787899
7760,168.47903991999334
7761,168.50062505208766
7762,168.522210184182
7763,168.54379531627634
7764,168.5653804483707
7765,168.58696558046503
7766,168.60855071255938
7767,168.63013584465372
7768,168.65172097674807
7769,168.6733061088424
7770,168.69489124093673
7771,168.71647637303107
7772,168.73806150512542
7773,168.75964663721976
7774,168.7812317693141
7775,168.80281690140845
7776,168.8244020335028
7777,168.84598716559714
7778,168.86757229769148
7779,168.8891574297858
7780,168.91074256188014
7781,168.93232769397449
7782,168.95391282606883
7783,168.97549795816317
7784,168.99708309025752
7785,169.01866822235186
7786,169.0402533544462
7787,169.06183848654055
7788,169.08342361863487
7789,169.1050087507292
7790,169.12659388282356
7791,169.1481790149179
7792,169.16976414701224
7793,169.1913492791066
7794,169.21293441120093
7795,169.23451954329528
7796,169.25610467538962
7797,169.27768980748397
7798,169.29927493957828
7799,169.32086007167263
7800,169.34244520376697
7801,169.36403033586132
7802,169.38561546795566
7803,169.40720060005
7804,169.42878573214435
7805,169.4503708642387
7806,169.47195599633304
7807,169.49354112842735
7808,169.5151262605217
7809,169.53671139261604
7810,169.55829652471039
7811,169.57988165680473
7812,169.60146678889907
7813,169.62305192099342
7814,169.64463705308776
7815,169.6662221851821
7816,169.68780731727642
7817,169.70939244937077
7818,169.7309775814651
7819,169.75256271355946
7820,169.7741478456538
7821,169.79573297774814
7822,169.8173181098425
7823,169.83890324193683
7824,169.86048837403118
7825,169.8820735061255
7826,169.90365863821984
7827,169.92524377031418
7828,169.94682890240853
7829,169.96841403450287
7830,169.98999916659722
7831,170.01158429869156
7832,170.0331694307859
7833,170.05475456288025
7834,170.07633969497456
7835,170.0979248270689
7836,170.11950995916325
7837,170.1410950912576
7838,170.16268022335194
7839,170.18426535544629
7840,170.20585048754063
7841,170.22743561963497
7842,170.24902075172932
7843,170.27060588382363
7844,170.29219101591798
7845,170.31377614801232
7846,170.33536128010667
7847,170.356946412201
7848,170.37853154429536
7849,170.4001166763897
7850,170.42170180848404
7851,170.4432869405784
7852,170.4648720726727
7853,170.48645720476705
7854,170.5080423368614
7855,170.52962746895574
7856,170.55121260105008
7857,170.57279773314443
7858,170.59438286523877
7859,170.61596799733312
7860,170.63755312942746
7861,170.65913826152178
7862,170.68072339361612
7863,170.70230852571046
7864,170.7238936578048
7865,170.74547878989915
7866,170.7670639219935
7867,170.78864905408784
7868,170.81023418618219
7869,170.83181931827653
7870,170.85340445037085
7871,170.8749895824652
7872,170.89657471455953
7873,170.91815984665388
7874,170.93974497874822
7875,170.96133011084257
7876,170.9829152429369
7877,171.00450037503126
7878,171.0260855071256
7879,171.04767063921992
7880,171.06925577131426
7881,171.0908409034086
7882,171.11242603550295
7883,171.1340111675973
7884,171.15559629969164
7885,171.17718143178598
7886,171.19876656388033
7887,171.22035169597467
7888,171.24193682806902
7889,171.26352196016333
7890,171.28510709225768
7891,171.30669222435202
7892,171.32827735644636
7893,171.3498624885407
7894,171.37144762063505
7895,171.3930327527294
7896,171.41461788482374
7897,171.43620301691809
7898,171.4577881490124
7899,171.47937328110675
7900,171.5009584132011
7901,171.52254354529543
7902,171.54412867738978
7903,171.56571380948412
7904,171.58729894157847
7905,171.6088840736728
7906,171.63046920576716
7907,171.65205433786147
7908,171.67363946995582
7909,171.69522460205016
7910,171.7168097341445
7911,171.73839486623885
7912,171.7599799983332
7913,171.78156513042754
7914,171.80315026252188
7915,171.82473539461623
7916,171.84632052671054
7917,171.8679056588049
7918,171.88949079089923
7919,171.91107592299358
7920,171.93266105508792
7921,171.95424618718226
7922,171.9758313192766
7923,171.99741645137095
7924,172.0190015834653
7925,172.0405867155596
7926,172.06217184765396
7927,172.0837569797483
7928,172.10534211184265
7929,172.126927243937
7930,172.14851237603133
7931,172.17009750812568
7932,172.19168264022002
7933,172.21326777231437
7934,172.23485290440868
7935,172.25643803650303
7936,172.27802316859737
7937,172.29960830069172
7938,172.32119343278606
7939,172.3427785648804
7940,172.36436369697475
7941,172.3859488290691
7942,172.40753396116344
7943,172.42911909325775
7944,172.4507042253521
7945,172.47228935744644
7946,172.4938744895408
7947,172.51545962163513
7948,172.53704475372948
7949,172.55862988582382
7950,172.58021501791816
7951,172.6018001500125
7952,172.62338528210682
7953,172.64497041420117
7954,172.6665555462955
7955,172.68814067838986
7956,172.7097258104842
7957,172.73131094257855
7958,172.7528960746729
7959,172.77448120676723
7960,172.79606633886158
7961,172.8176514709559
7962,172.83923660305024
7963,172.86082173514458
7964,172.88240686723893
7965,172.90399199933327
7966,172.92557713142762
7967,172.94716226352196
7968,172.9687473956163
7969,172.99033252771065
7970,173.01191765980496
7971,173.0335027918993
7972,173.05508792399365
7973,173.076673056088
7974,173.09825818818234
7975,173.1198433202767
7976,173.14142845237103
7977,173.16301358446538
7978,173.18459871655972
7979,173.20618384865406
7980,173.22776898074838
7981,173.24935411284272
7982,173.27093924493707
7983,173.2925243770314
7984,173.31410950912576
7985,173.3356946412201
7986,173.35727977331445
7987,173.3788649054088
7988,173.40045003750313
7989,173.42203516959745
7990,173.4436203016918
7991,173.46520543378614
7992,173.48679056588048
7993,173.50837569797483
7994,173.52996083006917
7995,173.55154596216352
7996,173.57313109425786
7997,173.5947162263522
7998,173.61630135844652
7999,173.63788649054086
8000,173.6594716226352
8001,173.68105675472955
8002,173.7026418868239
8003,173.72422701891824
8004,173.7458121510126
8005,173.76739728310693
8006,173.78898241520127
8007,173.8105675472956
8008,173.83215267938994
8009,173.85373781148428
8010,173.87532294357862
8011,173.89690807567297
8012,173.9184932077673
8013,173.94007833986166
8014,173.961663471956
8015,173.98324860405035
8016,174.00483373614466
8017,174.026418868239
8018,174.04800400033335
8019,174.0695891324277
8020,174.09117426452204
8021,174.11275939661638
8022,174.13434452871073
8023,174.15592966080507
8024,174.17751479289942
8025,174.19909992499373
8026,174.22068505708808
8027,174.24227018918242
8028,174.26385532127676
8029,174.2854404533711
8030,174.30702558546545
8031,174.3286107175598
8032,174.35019584965414
8033,174.3717809817485
8034,174.3933661138428
8035,174.41495124593715
8036,174.4365363780315
8037,174.45812151012584
8038,174.47970664222018
8039,174.50129177431452
8040,174.52287690640887
8041,174.5444620385032
8042,174.56604717059756
8043,174.58763230269187
8044,174.60921743478622
8045,174.63080256688056
8046,174.6523876989749
8047,174.67397283106925
8048,174.6955579631636
8049,174.71714309525794
8050,174.73872822735228
8051,174.76031335944663
8052,174.78189849154094
8053,174.8034836236353
8054,174.82506875572963
8055,174.84665388782398
8056,174.86823901991832
8057,174.88982415201266
8058,174.911409284107
8059,174.93299441620135
8060,174.9545795482957
8061,174.97616468039004
8062,174.99774981248436
8063,175.0193349445787
8064,175.04092007667305
8065,175.0625052087674
8066,175.08409034086174
8067,175.10567547295608
8068,175.12726060505042
8069,175.14884573714477
8070,175.1704308692391
8071,175.19201600133343
8072,175.21360113342777
8073,175.23518626552212
8074,175.25677139761646
8075,175.2783565297108
8076,175.29994166180515
8077,175.3215267938995
8078,175.34311192599384
8079,175.36469705808818
8080,175.3862821901825
8081,175.40786732227684
8082,175.4294524543712
8083,175.45103758646553
8084,175.47262271855988
8085,175.49420785065422
8086,175.51579298274856
8087,175.5373781148429
8088,175.55896324693725
8089,175.58054837903157
8090,175.6021335111259
8091,175.62371864322026
8092,175.6453037753146
8093,175.66688890740895
8094,175.6884740395033
8095,175.71005917159763
8096,175.73164430369198
8097,175.75322943578632
8098,175.77481456788064
8099,175.79639969997498
8100,175.81798483206933
8101,175.83956996416367
8102,175.86115509625802
8103,175.88274022835236
8104,175.9043253604467
8105,175.92591049254105
8106,175.9474956246354
8107,175.9690807567297
8108,175.99066588882405
8109,176.0122510209184
8110,176.03383615301274
8111,176.0554212851071
8112,176.07700641720143
8113,176.09859154929578
8114,176.12017668139012
8115,176.14176181348446
8116,176.16334694557878
8117,176.18493207767312
8118,176.20651720976747
8119,176.2281023418618
8120,176.24968747395616
8121,176.2712726060505
8122,176.29285773814485
8123,176.3144428702392
8124,176.33602800233353
8125,176.35761313442785
8126,176.3791982665222
8127,176.40078339861654
8128,176.42236853071088
8129,176.44395366280523
8130,176.46553879489957
8131,176.48712392699392
8132,176.50870905908826
8133,176.5302941911826
8134,176.55187932327692
8135,176.57346445537127
8136,176.5950495874656
8137,176.61663471955995
8138,176.6382198516543
8139,176.65980498374864
8140,176.681390115843
8141,176.70297524793733
8142,176.72456038003168
8143,176.746145512126
8144,176.76773064422034
8145,176.78931577631468
8146,176.81090090840902
8147,176.83248604050337
8148,176.8540711725977
8149,176.87565630469206
8150,176.8972414367864
8151,176.91882656888075
8152,176.9404117009751
8153,176.9619968330694
8154,176.98358196516375
8155,177.0051670972581
8156,177.02675222935244
8157,177.04833736144678
8158,177.06992249354113
8159,177.09150762563547
8160,177.11309275772982
8161,177.13467788982416
8162,177.15626302191848
8163,177.17784815401282
8164,177.19943328610717
8165,177.2210184182015
8166,177.24260355029585
8167,177.2641886823902
8168,177.28577381448454
8169,177.3073589465789
8170,177.32894407867323
8171,177.35052921076755
8172,177.3721143428619
8173,177.39369947495624
8174,177.41528460705058
8175,177.43686973914492
8176,177.45845487123927
8177,177.4800400033336
8178,177.50162513542796
8179,177.5232102675223
8180,177.54479539961662
8181,177.56638053171096
8182,177.5879656638053
8183,177.60955079589965
8184,177.631135927994
8185,177.65272106008834
8186,177.67430619218268
8187,177.69589132427703
8188,177.71747645637137
8189,177.7390615884657
8190,177.76064672056003
8191,177.78223185265438
8192,177.80381698474872
8193,177.82540211684307
8194,177.8469872489374
8195,177.86857238103175
8196,177.8901575131261
8197,177.91174264522044
8198,177.93332777731476
8199,177.9549129094091
8200,177.97649804150345
8201,177.9980831735978
8202,178.01966830569214
8203,178.04125343778648
8204,178.06283856988082
8205,178.08442370197517
8206,178.1060088340695
8207,178.12759396616383
8208,178.14917909825817
8209,178.17076423035252
8210,178.19234936244686
8211,178.2139344945412
8212,178.23551962663555
8213,178.2571047587299
8214,178.27868989082424
8215,178.30027502291858
8216,178.3218601550129
8217,178.34344528710724
8218,178.3650304192016
8219,178.38661555129593
8220,178.40820068339028
8221,178.42978581548462
8222,178.45137094757897
8223,178.4729560796733
8224,178.49454121176765
8225,178.51612634386197
8226,178.5377114759563
8227,178.55929660805066
8228,178.580881740145
8229,178.60246687223935
8230,178.6240520043337
8231,178.64563713642804
8232,178.66722226852238
8233,178.68880740061672
8234,178.71039253271104
8235,178.73197766480538
8236,178.75356279689973
8237,178.77514792899407
8238,178.79673306108842
8239,178.81831819318276
8240,178.8399033252771
8241,178.86148845737145
8242,178.8830735894658
8243,178.90465872156014
8244,178.92624385365446
8245,178.9478289857488
8246,178.96941411784314
8247,178.9909992499375
8248,179.01258438203183
8249,179.03416951412618
8250,179.05575464622052
8251,179.07733977831487
8252,179.0989249104092
8253,179.12051004250353
8254,179.14209517459787
8255,179.1636803066922
8256,179.18526543878656
8257,179.2068505708809
8258,179.22843570297525
8259,179.2500208350696
8260,179.27160596716394
8261,179.29319109925828
8262,179.3147762313526
8263,179.33636136344694
8264,179.35794649554128
8265,179.37953162763563
8266,179.40111675972997
8267,179.42270189182432
8268,179.44428702391866
8269,179.465872156013
8270,179.48745728810735
8271,179.50904242020167
8272,179.530627552296
8273,179.55221268439035
8274,179.5737978164847
8275,179.59538294857904
8276,179.6169680806734
8277,179.63855321276773
8278,179.66013834486208
8279,179.68172347695642
8280,179.70330860905074
8281,179.72489374114508
8282,179.74647887323943
8283,179.76806400533377
8284,179.7896491374281
8285,179.81123426952246
8286,179.8328194016168
8287,179.85440453371115
8288,179.8759896658055
8289,179.8975747978998
8290,179.91915992999415
8291,179.9407450620885
8292,179.96233019418284
8293,179.98391532627718
8294,180.00550045837153
8295,180.02708559046587
8296,180.04867072256022
8297,180.07025585465456
8298,180.09184098674888
8299,180.11342611884322
8300,180.13501125093757
8301,180.1565963830319
8302,180.17818151512625
8303,180.1997666472206
8304,180.22135177931494
8305,180.2429369114093
8306,180.26452204350363
8307,180.28610717559795
8308,180.3076923076923
8309,180.32927743978664
8310,180.35086257188098
8311,180.37244770397533
8312,180.39403283606967
8313,180.415617968164
8314,180.43720310025836
8315,180.4587882323527
8316,180.48037336444702
8317,180.50195849654136
8318,180.5235436286357
8319,180.54512876073005
8320,180.5667138928244
8321,180.58829902491874
8322,180.60988415701308
8323,180.63146928910743
8324,180.65305442120177
8325,180.6746395532961
8326,180.69622468539043
8327,180.71780981748478
8328,180.73939494957912
8329,180.76098008167347
8330,180.7825652137678
8331,180.80415034586215
8332,180.8257354779565
8333,180.84732061005084
8334,180.8689057421452
8335,180.8904908742395
8336,180.91207600633385
8337,180.9336611384282
8338,180.95524627052254
8339,180.97683140261688
8340,180.99841653471123
8341,181.02000166680557
8342,181.0415867988999
8343,181.06317193099426
8344,181.08475706308857
8345,181.10634219518292
8346,181.12792732727726
8347,181.1495124593716
8348,181.17109759146595
8349,181.1926827235603
8350,181.21426785565464
8351,181.23585298774898
8352,181.25743811984333
8353,181.27902325193764
8354,181.300608384032
8355,181.32219351612633
8356,181.34377864822068
8357,181.36536378031502
8358,181.38694891240937
8359,181.4085340445037
8360,181.43011917659805
8361,181.4517043086924
8362,181.47328944078671
8363,181.49487457288106
8364,181.5164597049754
8365,181.53804483706975
8366,181.5596299691641
8367,181.58121510125844
8368,181.60280023335278
8369,181.62438536544713
8370,181.64597049754147
8371,181.66755562963579
8372,181.68914076173013
8373,181.71072589382447
8374,181.73231102591882
8375,181.75389615801316
8376,181.7754812901075
8377,181.79706642220185
8378,181.8186515542962
8379,181.84023668639054
8380,181.86182181848486
8381,181.8834069505792
8382,181.90499208267354
8383,181.9265772147679
8384,181.94816234686223
8385,181.96974747895658
8386,181.99133261105092
8387,182.01291774314527
8388,182.0345028752396
8389,182.05608800733393
8390,182.07767313942827
8391,182.09925827152261
8392,182.12084340361696
8393,182.1424285357113
8394,182.16401366780565
8395,182.1855987999
8396,182.20718393199434
8397,182.22876906408868
8398,182.250354196183
8399,182.27193932827734
8400,182.29352446037169
8401,182.31510959246603
8402,182.33669472456037
8403,182.35827985665472
8404,182.37986498874906
8405,182.4014501208434
8406,182.42303525293775
8407,182.44462038503207
8408,182.4662055171264
8409,182.48779064922076
8410,182.5093757813151
8411,182.53096091340944
8412,182.5525460455038
8413,182.57413117759813
8414,182.59571630969248
8415,182.61730144178682
8416,182.63888657388117
8417,182.66047170597548
8418,182.68205683806983
8419,182.70364197016417
8420,182.72522710225851
8421,182.74681223435286
8422,182.7683973664472
8423,182.78998249854155
8424,182.8115676306359
8425,182.83315276273024
8426,182.85473789482455
8427,182.8763230269189
8428,182.89790815901324
8429,182.91949329110759
8430,182.94107842320193
8431,182.96266355529627
8432,182.98424868739062
8433,183.00583381948496
8434,183.0274189515793
8435,183.04900408367362
8436,183.07058921576797
8437,183.0921743478623
8438,183.11375947995666
8439,183.135344612051
8440,183.15692974414534
8441,183.1785148762397
8442,183.20010000833403
8443,183.22168514042838
8444,183.2432702725227
8445,183.26485540461704
8446,183.28644053671138
8447,183.30802566880573
8448,183.32961080090007
8449,183.35119593299441
8450,183.37278106508876
8451,183.3943661971831
8452,183.41595132927745
8453,183.43753646137176
8454,183.4591215934661
8455,183.48070672556045
8456,183.5022918576548
8457,183.52387698974914
8458,183.54546212184349
8459,183.56704725393783
8460,183.58863238603217
8461,183.61021751812652
8462,183.63180265022083
8463,183.65338778231518
8464,183.67497291440952
8465,183.69655804650387
8466,183.7181431785982
8467,183.73972831069256
8468,183.7613134427869
8469,183.78289857488124
8470,183.8044837069756
8471,183.8260688390699
8472,183.84765397116425
8473,183.8692391032586
8474,183.89082423535294
8475,183.91240936744728
8476,183.93399449954163
8477,183.95557963163597
8478,183.97716476373031
8479,183.99874989582466
8480,184.02033502791897
8481,184.04192016001332
8482,184.06350529210766
8483,184.085090424202
8484,184.10667555629635
8485,184.1282606883907
8486,184.14984582048504
8487,184.17143095257939
8488,184.19301608467373
8489,184.21460121676805
8490,184.2361863488624
8491,184.25777148095673
8492,184.27935661305108
8493,184.30094174514542
8494,184.32252687723977
8495,184.3441120093341
8496,184.36569714142846
8497,184.3872822735228
8498,184.40886740561712
8499,184.43045253771146
8500,184.4520376698058
8501,184.47362280190015
8502,184.4952079339945
8503,184.51679306608884
8504,184.53837819818318
8505,184.55996333027753
8506,184.58154846237187
8507,184.60313359446621
8508,184.62471872656053
8509,184.64630385865487
8510,184.66788899074922
8511,184.68947412284356
8512,184.7110592549379
8513,184.73264438703225
8514,184.7542295191266
8515,184.77581465122094
8516,184.79739978331529
8517,184.8189849154096
8518,184.84057004750395
8519,184.8621551795983
8520,184.88374031169263
8521,184.90532544378698
8522,184.92691057588132
8523,184.94849570797567
8524,184.97008084007
8525,184.99166597216436
8526,185.01325110425867
8527,185.03483623635302
8528,185.05642136844736
8529,185.0780065005417
8530,185.09959163263605
8531,185.1211767647304
8532,185.14276189682474
8533,185.16434702891908
8534,185.18593216101343
8535,185.20751729310774
8536,185.2291024252021
8537,185.25068755729643
8538,185.27227268939077
8539,185.29385782148512
8540,185.31544295357946
8541,185.3370280856738
8542,185.35861321776815
8543,185.3801983498625
8544,185.4017834819568
8545,185.42336861405116
8546,185.4449537461455
8547,185.46653887823985
8548,185.4881240103342
8549,185.50970914242853
8550,185.53129427452288
8551,185.55287940661722
8552,185.57446453871157
8553,185.59604967080588
8554,185.61763480290023
8555,185.63921993499457
8556,185.66080506708892
8557,185.68239019918326
8558,185.7039753312776
8559,185.72556046337195
8560,185.7471455954663
8561,185.76873072756064
8562,185.79031585965495
8563,185.8119009917493
8564,185.83348612384364
8565,185.855071255938
8566,185.87665638803233
8567,185.89824152012667
8568,185.91982665222102
8569,185.94141178431536
8570,185.9629969164097
8571,185.98458204850402
8572,186.00616718059837
8573,186.0277523126927
8574,186.04933744478706
8575,186.0709225768814
8576,186.09250770897575
8577,186.1140928410701
8578,186.13567797316443
8579,186.15726310525878
8580,186.1788482373531
8581,186.20043336944744
8582,186.22201850154178
8583,186.24360363363613
8584,186.26518876573047
8585,186.28677389782482
8586,186.30835902991916
8587,186.3299441620135
8588,186.35152929410785
8589,186.37311442620216
8590,186.3946995582965
8591,186.41628469039085
8592,186.4378698224852
8593,186.45945495457954
8594,186.4810400866739
8595,186.50262521876823
8596,186.52421035086257
8597,186.54579548295692
8598,186.56738061505126
8599,186.58896574714558
8600,186.61055087923992
8601,186.63213601133427
8602,186.6537211434286
8603,186.67530627552296
8604,186.6968914076173
8605,186.71847653971165
8606,186.740061671806
8607,186.76164680390033
8608,186.78323193599465
8609,186.804817068089
8610,186.82640220018334
8611,186.84798733227768
8612,186.86957246437203
8613,186.89115759646637
8614,186.91274272856072
8615,186.93432786065506
8616,186.9559129927494
8617,186.97749812484372
8618,186.99908325693806
8619,187.0206683890324
8620,187.04225352112675
8621,187.0638386532211
8622,187.08542378531544
8623,187.1070089174098
8624,187.12859404950413
8625,187.15017918159847
8626,187.1717643136928
8627,187.19334944578713
8628,187.21493457788148
8629,187.23651970997582
8630,187.25810484207017
8631,187.2796899741645
8632,187.30127510625886
8633,187.3228602383532
8634,187.34444537044754
8635,187.36603050254186
8636,187.3876156346362
8637,187.40920076673055
8638,187.4307858988249
8639,187.45237103091924
8640,187.47395616301358
8641,187.49554129510793
8642,187.51712642720227
8643,187.53871155929662
8644,187.56029669139093
8645,187.58188182348528
8646,187.60346695557962
8647,187.62505208767396
8648,187.6466372197683
8649,187.66822235186265
8650,187.689807483957
8651,187.71139261605134
8652,187.7329777481457
8653,187.75456288024
8654,187.77614801233435
8655,187.7977331444287
8656,187.81931827652303
8657,187.84090340861738
8658,187.86248854071172
8659,187.88407367280607
8660,187.9056588049004
8661,187.92724393699476
8662,187.94882906908907
8663,187.97041420118342
8664,187.99199933327776
8665,188.0135844653721
8666,188.03516959746645
8667,188.0567547295608
8668,188.07833986165514
8669,188.09992499374948
8670,188.12151012584383
8671,188.14309525793814
8672,188.1646803900325
8673,188.18626552212683
8674,188.20785065422118
8675,188.22943578631552
8676,188.25102091840986
8677,188.2726060505042
8678,188.29419118259855
8679,188.3157763146929
8680,188.3373614467872
8681,188.35894657888156
8682,188.3805317109759
8683,188.40211684307025
8684,188.4237019751646
8685,188.44528710725893
8686,188.46687223935328
8687,188.48845737144762
8688,188.51004250354197
8689,188.5316276356363
8690,188.55321276773063
8691,188.57479789982497
8692,188.59638303191932
8693,188.61796816401366
8694,188.639553296108
8695,188.66113842820235
8696,188.6827235602967
8697,188.70430869239104
8698,188.72589382448538
8699,188.7474789565797
8700,188.76906408867404
8701,188.7906492207684
8702,188.81223435286273
8703,188.83381948495708
8704,188.85540461705142
8705,188.87698974914576
8706,188.8985748812401
8707,188.92016001333445
8708,188.94174514542877
8709,188.9633302775231
8710,188.98491540961746
8711,189.0065005417118
8712,189.02808567380615
8713,189.0496708059005
8714,189.07125593799483
8715,189.09284107008918
8716,189.11442620218352
8717,189.13601133427784
8718,189.15759646637218
8719,189.17918159846653
8720,189.20076673056087
8721,189.22235186265522
8722,189.24393699474956
8723,189.2655221268439
8724,189.28710725893825
8725,189.3086923910326
8726,189.3302775231269
8727,189.35186265522125
8728,189.3734477873156
8729,189.39503291940994
8730,189.4166180515043
8731,189.43820318359863
8732,189.45978831569298
8733,189.48137344778732
8734,189.50295857988166
8735,189.52454371197598
8736,189.54612884407032
8737,189.56771397616467
8738,189.589299108259
8739,189.61088424035336
8740,189.6324693724477
8741,189.65405450454205
8742,189.6756396366364
8743,189.69722476873073
8744,189.71880990082505
8745,189.7403950329194
8746,189.76198016501374
8747,189.78356529710808
8748,189.80515042920243
8749,189.82673556129677
8750,189.84832069339112
8751,189.86990582548546
8752,189.8914909575798
8753,189.91307608967412
8754,189.93466122176847
8755,189.9562463538628
8756,189.97783148595715
8757,189.9994166180515
8758,190.02100175014584
8759,190.0425868822402
8760,190.06417201433453
8761,190.08575714642888
8762,190.1073422785232
8763,190.12892741061754
8764,190.15051254271188
8765,190.17209767480622
8766,190.19368280690057
8767,190.2152679389949
8768,190.23685307108926
8769,190.2584382031836
8770,190.28002333527795
8771,190.30160846737226
8772,190.3231935994666
8773,190.34477873156095
8774,190.3663638636553
8775,190.38794899574964
8776,190.40953412784398
8777,190.43111925993833
8778,190.45270439203267
8779,190.47428952412702
8780,190.49587465622136
8781,190.51745978831568
8782,190.53904492041002
8783,190.56063005250437
8784,190.5822151845987
8785,190.60380031669305
8786,190.6253854487874
8787,190.64697058088174
8788,190.6685557129761
8789,190.69014084507043
8790,190.71172597716475
8791,190.7333111092591
8792,190.75489624135344
8793,190.77648137344778
8794,190.79806650554212
8795,190.81965163763647
8796,190.8412367697308
8797,190.86282190182516
8798,190.8844070339195
8799,190.90599216601382
8800,190.92757729810816
8801,190.9491624302025
8802,190.97074756229685
8803,190.9923326943912
8804,191.01391782648554
8805,191.03550295857988
8806,191.05708809067423
8807,191.07867322276857
8808,191.1002583548629
8809,191.12184348695723
8810,191.14342861905158
8811,191.16501375114592
8812,191.18659888324026
8813,191.2081840153346
8814,191.22976914742895
8815,191.2513542795233
8816,191.27293941161764
8817,191.29452454371196
8818,191.3161096758063
8819,191.33769480790065
8820,191.359279939995
8821,191.38086507208934
8822,191.40245020418368
8823,191.42403533627802
8824,191.44562046837237
8825,191.4672056004667
8826,191.48879073256103
8827,191.51037586465537
8828,191.53196099674972
8829,191.55354612884406
8830,191.5751312609384
8831,191.59671639303275
8832,191.6183015251271
8833,191.63988665722144
8834,191.66147178931578
8835,191.6830569214101
8836,191.70464205350444
8837,191.7262271855988
8838,191.74781231769313
8839,191.76939744978748
8840,191.79098258188182
8841,191.81256771397616
8842,191.8341528460705
8843,191.85573797816485
8844,191.87732311025917
8845,191.8989082423535
8846,191.92049337444786
8847,191.9420785065422
8848,191.96366363863655
8849,191.9852487707309
8850,192.00683390282524
8851,192.02841903491958
8852,192.05000416701392
8853,192.07158929910824
8854,192.09317443120258
8855,192.11475956329693
8856,192.13634469539127
8857,192.15792982748562
8858,192.17951495957996
8859,192.2011000916743
8860,192.22268522376865
8861,192.244270355863
8862,192.26585548795734
8863,192.28744062005165
8864,192.309025752146
8865,192.33061088424034
8866,192.3521960163347
8867,192.37378114842903
8868,192.39536628052338
8869,192.41695141261772
8870,192.43853654471206
8871,192.4601216768064
8872,192.48170680890073
8873,192.50329194099507
8874,192.5248770730894
8875,192.54646220518376
8876,192.5680473372781
8877,192.58963246937245
8878,192.6112176014668
8879,192.63280273356114
8880,192.65438786565548
8881,192.6759729977498
8882,192.69755812984414
8883,192.71914326193848
8884,192.74072839403283
8885,192.76231352612717
8886,192.78389865822152
8887,192.80548379031586
8888,192.8270689224102
8889,192.84865405450455
8890,192.87023918659887
8891,192.8918243186932
8892,192.91340945078755
8893,192.9349945828819
8894,192.95657971497624
8895,192.9781648470706
8896,192.99974997916493
8897,193.02133511125928
8898,193.04292024335362
8899,193.06450537544794
8900,193.08609050754228
8901,193.10767563963662
8902,193.12926077173097
8903,193.1508459038253
8904,193.17243103591966
8905,193.194016168014
8906,193.21560130010835
8907,193.2371864322027
8908,193.258771564297
8909,193.28035669639135
8910,193.3019418284857
8911,193.32352696058004
8912,193.34511209267438
8913,193.36669722476873
8914,193.38828235686307
8915,193.40986748895742
8916,193.43145262105176
8917,193.45303775314608
8918,193.47462288524042
8919,193.49620801733477
8920,193.5177931494291
8921,193.53937828152345
8922,193.5609634136178
8923,193.58254854571214
8924,193.6041336778065
8925,193.62571880990083
8926,193.64730394199515
8927,193.6688890740895
8928,193.69047420618384
8929,193.71205933827818
8930,193.73364447037252
8931,193.75522960246687
8932,193.7768147345612
8933,193.79839986665556
8934,193.8199849987499
8935,193.84157013084422
8936,193.86315526293856
8937,193.8847403950329
8938,193.90632552712725
8939,193.9279106592216
8940,193.94949579131594
8941,193.97108092341028
8942,193.99266605550463
8943,194.01425118759897
8944,194.0358363196933
8945,194.05742145178763
8946,194.07900658388198
8947,194.10059171597632
8948,194.12217684807067
8949,194.143761980165
8950,194.16534711225935
8951,194.1869322443537
8952,194.20851737644804
8953,194.2301025085424
8954,194.2516876406367
8955,194.27327277273105
8956,194.2948579048254
8957,194.31644303691974
8958,194.33802816901408
8959,194.35961330110842
8960,194.38119843320277
8961,194.4027835652971
8962,194.42436869739146
8963,194.44595382948577
8964,194.46753896158012
8965,194.48912409367446
8966,194.5107092257688
8967,194.53229435786315
8968,194.5538794899575
8969,194.57546462205184
8970,194.59704975414618
8971,194.61863488624053
8972,194.64022001833484
8973,194.6618051504292
8974,194.68339028252353
8975,194.70497541461788
8976,194.72656054671222
8977,194.74814567880657
8978,194.7697308109009
8979,194.79131594299525
8980,194.8129010750896
8981,194.83448620718391
8982,194.85607133927826
8983,194.8776564713726
8984,194.89924160346695
8985,194.9208267355613
8986,194.94241186765564
8987,194.96399699974998
8988,194.98558213184432
8989,195.00716726393867
8990,195.02875239603298
8991,195.05033752812733
8992,195.07192266022167
8993,195.09350779231602
8994,195.11509292441036
8995,195.1366780565047
8996,195.15826318859905
8997,195.1798483206934
8998,195.20143345278774
8999,195.22301858488206
9000,195.2446037169764
9001,195.26618884907074
9002,195.2877739811651
9003,195.30935911325943
9004,195.33094424535378
9005,195.35252937744812
9006,195.37411450954247
9007,195.3956996416368
9008,195.41728477373113
9009,195.43886990582547
9010,195.46045503791981
9011,195.48204017001416
9012,195.5036253021085
9013,195.52521043420285
9014,195.5467955662972
9015,195.56838069839154
9016,195.58996583048588
9017,195.6115509625802
9018,195.63313609467454
9019,195.65472122676888
9020,195.67630635886323
9021,195.69789149095757
9022,195.71947662305192
9023,195.74106175514626
9024,195.7626468872406
9025,195.78423201933495
9026,195.80581715142927
9027,195.8274022835236
9028,195.84898741561796
9029,195.8705725477123
9030,195.89215767980664
9031,195.913742811901
9032,195.93532794399533
9033,195.95691307608968
9034,195.97849820818402
9035,196.00008334027834
9036,196.02166847237268
9037,196.04325360446703
9038,196.06483873656137
9039,196.08642386865571
9040,196.10800900075006
9041,196.1295941328444
9042,196.15117926493875
9043,196.1727643970331
9044,196.19434952912744
9045,196.21593466122175
9046,196.2375197933161
9047,196.25910492541044
9048,196.28069005750478
9049,196.30227518959913
9050,196.32386032169347
9051,196.34544545378782
9052,196.36703058588216
9053,196.3886157179765
9054,196.41020085007082
9055,196.43178598216517
9056,196.4533711142595
9057,196.47495624635386
9058,196.4965413784482
9059,196.51812651054254
9060,196.5397116426369
9061,196.56129677473123
9062,196.58288190682558
9063,196.6044670389199
9064,196.62605217101424
9065,196.64763730310858
9066,196.66922243520293
9067,196.69080756729727
9068,196.71239269939161
9069,196.73397783148596
9070,196.7555629635803
9071,196.77714809567465
9072,196.79873322776896
9073,196.8203183598633
9074,196.84190349195765
9075,196.863488624052
9076,196.88507375614634
9077,196.90665888824068
9078,196.92824402033503
9079,196.94982915242937
9080,196.97141428452372
9081,196.99299941661803
9082,197.01458454871238
9083,197.03616968080672
9084,197.05775481290107
9085,197.0793399449954
9086,197.10092507708976
9087,197.1225102091841
9088,197.14409534127844
9089,197.1656804733728
9090,197.1872656054671
9091,197.20885073756145
9092,197.2304358696558
9093,197.25202100175014
9094,197.27360613384448
9095,197.29519126593883
9096,197.31677639803317
9097,197.33836153012751
9098,197.35994666222186
9099,197.38153179431617
9100,197.40311692641052
9101,197.42470205850486
9102,197.4462871905992
9103,197.46787232269355
9104,197.4894574547879
9105,197.51104258688224
9106,197.53262771897658
9107,197.55421285107093
9108,197.57579798316524
9109,197.5973831152596
9110,197.61896824735393
9111,197.64055337944828
9112,197.66213851154262
9113,197.68372364363697
9114,197.7053087757313
9115,197.72689390782566
9116,197.74847903992
9117,197.77006417201432
9118,197.79164930410866
9119,197.813234436203
9120,197.83481956829735
9121,197.8564047003917
9122,197.87798983248604
9123,197.89957496458038
9124,197.92116009667473
9125,197.94274522876907
9126,197.96433036086339
9127,197.98591549295773
9128,198.00750062505207
9129,198.02908575714642
9130,198.05067088924076
9131,198.0722560213351
9132,198.09384115342945
9133,198.1154262855238
9134,198.13701141761814
9135,198.15859654971248
9136,198.1801816818068
9137,198.20176681390114
9138,198.2233519459955
9139,198.24493707808983
9140,198.26652221018418
9141,198.28810734227852
9142,198.30969247437287
9143,198.3312776064672
9144,198.35286273856156
9145,198.37444787065587
9146,198.39603300275022
9147,198.41761813484456
9148,198.4392032669389
9149,198.46078839903325
9150,198.4823735311276
9151,198.50395866322194
9152,198.52554379531628
9153,198.54712892741063
9154,198.56871405950494
9155,198.59029919159929
9156,198.61188432369363
9157,198.63346945578797
9158,198.65505458788232
9159,198.67663971997666
9160,198.698224852071
9161,198.71980998416535
9162,198.7413951162597
9163,198.762980248354
9164,198.78456538044836
9165,198.8061505125427
9166,198.82773564463704
9167,198.8493207767314
9168,198.87090590882573
9169,198.89249104092008
9170,198.91407617301442
9171,198.93566130510877
9172,198.95724643720308
9173,198.97883156929743
9174,199.00041670139177
9175,199.02200183348612
9176,199.04358696558046
9177,199.0651720976748
9178,199.08675722976915
9179,199.1083423618635
9180,199.12992749395784
9181,199.15151262605215
9182,199.1730977581465
9183,199.19468289024084
9184,199.21626802233519
9185,199.23785315442953
9186,199.25943828652387
9187,199.28102341861822
9188,199.30260855071256
9189,199.3241936828069
9190,199.34577881490122
9191,199.36736394699557
9192,199.3889490790899
9193,199.41053421118426
9194,199.4321193432786
9195,199.45370447537294
9196,199.4752896074673
9197,199.49687473956163
9198,199.51845987165598
9199,199.5400450037503
9200,199.56163013584464
9201,199.58321526793898
9202,199.60480040003333
9203,199.62638553212767
9204,199.64797066422202
9205,199.66955579631636
9206,199.6911409284107
9207,199.71272606050505
9208,199.73431119259936
9209,199.7558963246937
9210,199.77748145678805
9211,199.7990665888824
9212,199.82065172097674
9213,199.84223685307109
9214,199.86382198516543
9215,199.88540711725977
9216,199.90699224935412
9217,199.92857738144846
9218,199.95016251354278
9219,199.97174764563712
9220,199.99333277773147
9221,200.0149179098258
9222,200.03650304192016
9223,200.0580881740145
9224,200.07967330610884
9225,200.1012584382032
9226,200.12284357029753
9227,200.14442870239185
9228,200.1660138344862
9229,200.18759896658054
9230,200.20918409867488
9231,200.23076923076923
9232,200.25235436286357
9233,200.27393949495792
9234,200.29552462705226
9235,200.3171097591466
9236,200.33869489124092
9237,200.36028002333526
9238,200.3818651554296
9239,200.40345028752395
9240,200.4250354196183
9241,200.44662055171264
9242,200.46820568380699
9243,200.48979081590133
9244,200.51137594799567
9245,200.53296108009
9246,200.55454621218433
9247,200.57613134427868
9248,200.59771647637302
9249,200.61930160846737
9250,200.6408867405617
9251,200.66247187265606
9252,200.6840570047504
9253,200.70564213684474
9254,200.72722726893906
9255,200.7488124010334
9256,200.77039753312775
9257,200.7919826652221
9258,200.81356779731644
9259,200.83515292941078
9260,200.85673806150513
9261,200.87832319359947
9262,200.89990832569381
9263,200.92149345778813
9264,200.94307858988248
9265,200.96466372197682
9266,200.98624885407116
9267,201.0078339861655
9268,201.02941911825985
9269,201.0510042503542
9270,201.07258938244854
9271,201.09417451454289
9272,201.1157596466372
9273,201.13734477873155
9274,201.1589299108259
9275,201.18051504292023
9276,201.20210017501458
9277,201.22368530710892
9278,201.24527043920327
9279,201.2668555712976
9280,201.28844070339196
9281,201.31002583548627
9282,201.33161096758062
9283,201.35319609967496
9284,201.3747812317693
9285,201.39636636386365
9286,201.417951495958
9287,201.43953662805234
9288,201.46112176014668
9289,201.48270689224103
9290,201.50429202433534
9291,201.5258771564297
9292,201.54746228852403
9293,201.56904742061838
9294,201.59063255271272
9295,201.61221768480706
9296,201.6338028169014
9297,201.65538794899575
9298,201.6769730810901
9299,201.6985582131844
9300,201.72014334527876
9301,201.7417284773731
9302,201.76331360946745
9303,201.7848987415618
9304,201.80648387365613
9305,201.82806900575048
9306,201.84965413784482
9307,201.87123926993917
9308,201.8928244020335
9309,201.91440953412783
9310,201.93599466622217
9311,201.95757979831652
9312,201.97916493041086
9313,202.0007500625052
9314,202.02233519459955
9315,202.0439203266939
9316,202.06550545878824
9317,202.08709059088258
9318,202.1086757229769
9319,202.13026085507124
9320,202.1518459871656
9321,202.17343111925993
9322,202.19501625135428
9323,202.21660138344862
9324,202.23818651554296
9325,202.2597716476373
9326,202.28135677973165
9327,202.30294191182597
9328,202.3245270439203
9329,202.34611217601466
9330,202.367697308109
9331,202.38928244020335
9332,202.4108675722977
9333,202.43245270439203
9334,202.45403783648638
9335,202.47562296858072
9336,202.49720810067504
9337,202.51879323276938
9338,202.54037836486373
9339,202.56196349695807
9340,202.58354862905242
9341,202.60513376114676
9342,202.6267188932411
9343,202.64830402533545
9344,202.6698891574298
9345,202.6914742895241
9346,202.71305942161845
9347,202.7346445537128
9348,202.75622968580714
9349,202.7778148179015
9350,202.79939994999583
9351,202.82098508209017
9352,202.84257021418452
9353,202.86415534627886
9354,202.88574047837318
9355,202.90732561046752
9356,202.92891074256187
9357,202.9504958746562
9358,202.97208100675056
9359,202.9936661388449
9360,203.01525127093925
9361,203.0368364030336
9362,203.05842153512793
9363,203.08000666722225
9364,203.1015917993166
9365,203.12317693141094
9366,203.14476206350528
9367,203.16634719559963
9368,203.18793232769397
9369,203.20951745978832
9370,203.23110259188266
9371,203.252687723977
9372,203.27427285607132
9373,203.29585798816566
9374,203.31744312026
9375,203.33902825235435
9376,203.3606133844487
9377,203.38219851654304
9378,203.4037836486374
9379,203.42536878073173
9380,203.44695391282607
9381,203.4685390449204
9382,203.49012417701474
9383,203.51170930910908
9384,203.53329444120342
9385,203.55487957329777
9386,203.5764647053921
9387,203.59804983748646
9388,203.6196349695808
9389,203.64122010167515
9390,203.66280523376946
9391,203.6843903658638
9392,203.70597549795815
9393,203.7275606300525
9394,203.74914576214684
9395,203.77073089424118
9396,203.79231602633553
9397,203.81390115842987
9398,203.83548629052422
9399,203.85707142261856
9400,203.87865655471288
9401,203.90024168680722
9402,203.92182681890156
9403,203.9434119509959
9404,203.96499708309025
9405,203.9865822151846
9406,204.00816734727894
9407,204.0297524793733
9408,204.05133761146763
9409,204.07292274356195
9410,204.0945078756563
9411,204.11609300775064
9412,204.13767813984498
9413,204.15926327193932
9414,204.18084840403367
9415,204.202433536128
9416,204.22401866822236
9417,204.2456038003167
9418,204.26718893241102
9419,204.28877406450536
9420,204.3103591965997
9421,204.33194432869405
9422,204.3535294607884
9423,204.37511459288274
9424,204.39669972497708
9425,204.41828485707143
9426,204.43986998916577
9427,204.4614551212601
9428,204.48304025335443
9429,204.50462538544878
9430,204.52621051754312
9431,204.54779564963746
9432,204.5693807817318
9433,204.59096591382615
9434,204.6125510459205
9435,204.63413617801484
9436,204.65572131010916
9437,204.6773064422035
9438,204.69889157429785
9439,204.7204767063922
9440,204.74206183848653
9441,204.76364697058088
9442,204.78523210267522
9443,204.80681723476957
9444,204.8284023668639
9445,204.84998749895823
9446,204.87157263105257
9447,204.89315776314692
9448,204.91474289524126
9449,204.9363280273356
9450,204.95791315942995
9451,204.9794982915243
9452,205.00108342361864
9453,205.02266855571298
9454,205.0442536878073
9455,205.06583881990164
9456,205.087423951996
9457,205.10900908409033
9458,205.13059421618468
9459,205.15217934827902
9460,205.17376448037336
9461,205.1953496124677
9462,205.21693474456205
9463,205.23851987665637
9464,205.2601050087507
9465,205.28169014084506
9466,205.3032752729394
9467,205.32486040503375
9468,205.3464455371281
9469,205.36803066922243
9470,205.38961580131678
9471,205.41120093341112
9472,205.43278606550544
9473,205.45437119759978
9474,205.47595632969413
9475,205.49754146178847
9476,205.51912659388282
9477,205.54071172597716
9478,205.5622968580715
9479,205.58388199016585
9480,205.6054671222602
9481,205.6270522543545
9482,205.64863738644885
9483,205.6702225185432
9484,205.69180765063754
9485,205.7133927827319
9486,205.73497791482623
9487,205.75656304692058
9488,205.77814817901492
9489,205.79973331110926
9490,205.8213184432036
9491,205.84290357529792
9492,205.86448870739227
9493,205.8860738394866
9494,205.90765897158096
9495,205.9292441036753
9496,205.95082923576965
9497,205.972414367864
9498,205.99399949995833
9499,206.01558463205268
9500,206.037169764147
9501,206.05875489624134
9502,206.08034002833568
9503,206.10192516043003
9504,206.12351029252437
9505,206.14509542461872
9506,206.16668055671306
9507,206.1882656888074
9508,206.20985082090175
9509,206.23143595299607
9510,206.2530210850904
9511,206.27460621718475
9512,206.2961913492791
9513,206.31777648137344
9514,206.3393616134678
9515,206.36094674556213
9516,206.38253187765648
9517,206.40411700975082
9518,206.42570214184514
9519,206.44728727393948
9520,206.46887240603382
9521,206.49045753812817
9522,206.5120426702225
9523,206.53362780231686
9524,206.5552129344112
9525,206.57679806650555
9526,206.5983831985999
9527,206.6199683306942
9528,206.64155346278855
9529,206.6631385948829
9530,206.68472372697724
9531,206.70630885907158
9532,206.72789399116593
9533,206.74947912326027
9534,206.77106425535462
9535,206.79264938744896
9536,206.81423451954328
9537,206.83581965163762
9538,206.85740478373197
9539,206.8789899158263
9540,206.90057504792065
9541,206.922160180015
9542,206.94374531210934
9543,206.9653304442037
9544,206.98691557629803
9545,207.00850070839235
9546,207.0300858404867
9547,207.05167097258104
9548,207.07325610467538
9549,207.09484123676972
9550,207.11642636886407
9551,207.1380115009584
9552,207.15959663305276
9553,207.1811817651471
9554,207.20276689724142
9555,207.22435202933576
9556,207.2459371614301
9557,207.26752229352445
9558,207.2891074256188
9559,207.31069255771314
9560,207.33227768980748
9561,207.35386282190183
9562,207.37544795399617
9563,207.3970330860905
9564,207.41861821818483
9565,207.44020335027918
9566,207.46178848237352
9567,207.48337361446787
9568,207.5049587465622
9569,207.52654387865655
9570,207.5481290107509
9571,207.56971414284524
9572,207.59129927493956
9573,207.6128844070339
9574,207.63446953912825
9575,207.6560546712226
9576,207.67763980331694
9577,207.69922493541128
9578,207.72081006750562
9579,207.74239519959997
9580,207.7639803316943
9581,207.78556546378866
9582,207.80715059588297
9583,207.82873572797732
9584,207.85032086007166
9585,207.871905992166
9586,207.89349112426035
9587,207.9150762563547
9588,207.93666138844904
9589,207.95824652054338
9590,207.97983165263773
9591,208.00141678473204
9592,208.0230019168264
9593,208.04458704892073
9594,208.06617218101508
9595,208.08775731310942
9596,208.10934244520377
9597,208.1309275772981
9598,208.15251270939245
9599,208.1740978414868
9600,208.1956829735811
9601,208.21726810567546
9602,208.2388532377698
9603,208.26043836986415
9604,208.2820235019585
9605,208.30360863405284
9606,208.32519376614718
9607,208.34677889824152
9608,208.36836403033587
9609,208.38994916243018
9610,208.41153429452453
9611,208.43311942661887
9612,208.45470455871322
9613,208.47628969080756
9614,208.4978748229019
9615,208.51945995499625
9616,208.5410450870906
9617,208.56263021918494
9618,208.58421535127925
9619,208.6058004833736
9620,208.62738561546794
9621,208.6489707475623
9622,208.67055587965663
9623,208.69214101175098
9624,208.71372614384532
9625,208.73531127593967
9626,208.756896408034
9627,208.77848154012833
9628,208.80006667222267
9629,208.821651804317
9630,208.84323693641136
9631,208.8648220685057
9632,208.88640720060005
9633,208.9079923326944
9634,208.92957746478874
9635,208.95116259688308
9636,208.9727477289774
9637,208.99433286107174
9638,209.01591799316608
9639,209.03750312526043
9640,209.05908825735477
9641,209.08067338944912
9642,209.10225852154346
9643,209.1238436536378
9644,209.14542878573215
9645,209.16701391782647
9646,209.1885990499208
9647,209.21018418201515
9648,209.2317693141095
9649,209.25335444620384
9650,209.2749395782982
9651,209.29652471039253
9652,209.31810984248688
9653,209.33969497458122
9654,209.36128010667554
9655,209.38286523876988
9656,209.40445037086423
9657,209.42603550295857
9658,209.4476206350529
9659,209.46920576714726
9660,209.4907908992416
9661,209.51237603133595
9662,209.5339611634303
9663,209.55554629552464
9664,209.57713142761895
9665,209.5987165597133
9666,209.62030169180764
9667,209.64188682390198
9668,209.66347195599633
9669,209.68505708809067
9670,209.70664222018502
9671,209.72822735227936
9672,209.7498124843737
9673,209.77139761646802
9674,209.79298274856237
9675,209.8145678806567
9676,209.83615301275105
9677,209.8577381448454
9678,209.87932327693974
9679,209.9009084090341
9680,209.92249354112843
9681,209.94407867322278
9682,209.9656638053171
9683,209.98724893741144
9684,210.00883406950578
9685,210.03041920160013
9686,210.05200433369447
9687,210.0735894657888
9688,210.09517459788316
9689,210.1167597299775
9690,210.13834486207185
9691,210.15992999416616
9692,210.1815151262605
9693,210.20310025835485
9694,210.2246853904492
9695,210.24627052254354
9696,210.26785565463788
9697,210.28944078673223
9698,210.31102591882657
9699,210.33261105092092
9700,210.35419618301523
9701,210.37578131510958
9702,210.39736644720392
9703,210.41895157929827
9704,210.4405367113926
9705,210.46212184348695
9706,210.4837069755813
9707,210.50529210767564
9708,210.52687723977
9709,210.5484623718643
9710,210.57004750395865
9711,210.591632636053
9712,210.61321776814734
9713,210.63480290024168
9714,210.65638803233603
9715,210.67797316443037
9716,210.6995582965247
9717,210.72114342861906
9718,210.74272856071337
9719,210.76431369280772
9720,210.78589882490206
9721,210.8074839569964
9722,210.82906908909075
9723,210.8506542211851
9724,210.87223935327944
9725,210.89382448537378
9726,210.91540961746813
9727,210.93699474956244
9728,210.9585798816568
9729,210.98016501375113
9730,211.00175014584548
9731,211.02333527793982
9732,211.04492041003417
9733,211.0665055421285
9734,211.08809067422285
9735,211.1096758063172
9736,211.13126093841151
9737,211.15284607050586
9738,211.1744312026002
9739,211.19601633469455
9740,211.2176014667889
9741,211.23918659888324
9742,211.26077173097758
9743,211.28235686307193
9744,211.30394199516627
9745,211.32552712726059
9746,211.34711225935493
9747,211.36869739144927
9748,211.39028252354362
9749,211.41186765563796
9750,211.4334527877323
9751,211.45503791982665
9752,211.476623051921
9753,211.49820818401534
9754,211.51979331610968
9755,211.541378448204
9756,211.56296358029834
9757,211.5845487123927
9758,211.60613384448703
9759,211.62771897658138
9760,211.64930410867572
9761,211.67088924077007
9762,211.6924743728644
9763,211.71405950495875
9764,211.73564463705307
9765,211.75722976914741
9766,211.77881490124176
9767,211.8004000333361
9768,211.82198516543045
9769,211.8435702975248
9770,211.86515542961914
9771,211.88674056171348
9772,211.90832569380783
9773,211.92991082590214
9774,211.95149595799649
9775,211.97308109009083
9776,211.99466622218517
9777,212.01625135427952
9778,212.03783648637386
9779,212.0594216184682
9780,212.08100675056255
9781,212.1025918826569
9782,212.1241770147512
9783,212.14576214684556
9784,212.1673472789399
9785,212.18893241103424
9786,212.2105175431286
9787,212.23210267522293
9788,212.25368780731728
9789,212.27527293941162
9790,212.29685807150597
9791,212.31844320360028
9792,212.34002833569463
9793,212.36161346778897
9794,212.38319859988331
9795,212.40478373197766
9796,212.426368864072
9797,212.44795399616635
9798,212.4695391282607
9799,212.49112426035504
9800,212.51270939244935
9801,212.5342945245437
9802,212.55587965663804
9803,212.57746478873239
9804,212.59904992082673
9805,212.62063505292107
9806,212.64222018501542
9807,212.66380531710976
9808,212.6853904492041
9809,212.70697558129842
9810,212.72856071339277
9811,212.7501458454871
9812,212.77173097758146
9813,212.7933161096758
9814,212.81490124177014
9815,212.8364863738645
9816,212.85807150595883
9817,212.87965663805318
9818,212.9012417701475
9819,212.92282690224184
9820,212.94441203433618
9821,212.96599716643053
9822,212.98758229852487
9823,213.00916743061921
9824,213.03075256271356
9825,213.0523376948079
9826,213.07392282690225
9827,213.09550795899656
9828,213.1170930910909
9829,213.13867822318525
9830,213.1602633552796
9831,213.18184848737394
9832,213.20343361946829
9833,213.22501875156263
9834,213.24660388365697
9835,213.26818901575132
9836,213.28977414784563
9837,213.31135927993998
9838,213.33294441203432
9839,213.35452954412867
9840,213.376114676223
9841,213.39769980831736
9842,213.4192849404117
9843,213.44087007250604
9844,213.4624552046004
9845,213.48404033669473
9846,213.50562546878905
9847,213.5272106008834
9848,213.54879573297774
9849,213.57038086507208
9850,213.59196599716643
9851,213.61355112926077
9852,213.63513626135511
9853,213.65672139344946
9854,213.6783065255438
9855,213.69989165763812
9856,213.72147678973246
9857,213.7430619218268
9858,213.76464705392115
9859,213.7862321860155
9860,213.80781731810984
9861,213.82940245020419
9862,213.85098758229853
9863,213.87257271439287
9864,213.8941578464872
9865,213.91574297858153
9866,213.93732811067588
9867,213.95891324277022
9868,213.98049837486457
9869,214.0020835069589
9870,214.02366863905326
9871,214.0452537711476
9872,214.06683890324194
9873,214.08842403533626
9874,214.1100091674306
9875,214.13159429952495
9876,214.1531794316193
9877,214.17476456371364
9878,214.19634969580798
9879,214.21793482790233
9880,214.23951995999667
9881,214.26110509209101
9882,214.28269022418533
9883,214.30427535627967
9884,214.32586048837402
9885,214.34744562046836
9886,214.3690307525627
9887,214.39061588465705
9888,214.4122010167514
9889,214.43378614884574
9890,214.45537128094008
9891,214.4769564130344
9892,214.49854154512875
9893,214.5201266772231
9894,214.54171180931743
9895,214.56329694141178
9896,214.58488207350612
9897,214.60646720560047
9898,214.6280523376948
9899,214.64963746978916
9900,214.67122260188347
9901,214.69280773397782
9902,214.71439286607216
9903,214.7359779981665
9904,214.75756313026085
9905,214.7791482623552
9906,214.80073339444954
9907,214.82231852654388
9908,214.84390365863823
9909,214.86548879073254
9910,214.8870739228269
9911,214.90865905492123
9912,214.93024418701557
9913,214.95182931910992
9914,214.97341445120426
9915,214.9949995832986
9916,215.01658471539295
9917,215.0381698474873
9918,215.0597549795816
9919,215.08134011167596
9920,215.1029252437703
9921,215.12451037586465
9922,215.146095507959
9923,215.16768064005333
9924,215.18926577214768
9925,215.21085090424202
9926,215.23243603633637
9927,215.25402116843068
9928,215.27560630052503
9929,215.29719143261937
9930,215.31877656471372
9931,215.34036169680806
9932,215.3619468289024
9933,215.38353196099675
9934,215.4051170930911
9935,215.42670222518544
9936,215.44828735727978
9937,215.4698724893741
9938,215.49145762146844
9939,215.5130427535628
9940,215.53462788565713
9941,215.55621301775147
9942,215.57779814984582
9943,215.59938328194016
9944,215.6209684140345
9945,215.64255354612885
9946,215.66413867822317
9947,215.6857238103175
9948,215.70730894241186
9949,215.7288940745062
9950,215.75047920660055
9951,215.7720643386949
9952,215.79364947078923
9953,215.81523460288358
9954,215.83681973497792
9955,215.85840486707224
9956,215.87998999916658
9957,215.90157513126093
9958,215.92316026335527
9959,215.94474539544962
9960,215.96633052754396
9961,215.9879156596383
9962,216.00950079173265
9963,216.031085923827
9964,216.0526710559213
9965,216.07425618801565
9966,216.09584132011
9967,216.11742645220434
9968,216.1390115842987
9969,216.16059671639303
9970,216.18218184848737
9971,216.20376698058172
9972,216.22535211267606
9973,216.24693724477038
9974,216.26852237686472
9975,216.29010750895907
9976,216.3116926410534
9977,216.33327777314776
9978,216.3548629052421
9979,216.37644803733644
9980,216.3980331694308
9981,216.41961830152513
9982,216.44120343361945
9983,216.4627885657138
9984,216.48437369780814
9985,216.50595882990248
9986,216.52754396199683
9987,216.54912909409117
9988,216.57071422618552
9989,216.59229935827986
9990,216.6138844903742
9991,216.63546962246852
9992,216.65705475456286
9993,216.6786398866572
9994,216.70022501875155
9995,216.7218101508459
9996,216.74339528294024
9997,216.7649804150346
9998,216.78656554712893
9999,216.80815067922327
10000,216.8297358113176
10001,216.85132094341193
10002,216.87290607550628
10003,216.89449120760062
10004,216.91607633969497
10005,216.9376614717893
10006,216.95924660388366
10007,216.980831735978
10008,217.00241686807234
10009,217.02400200016666
10010,217.045587132261
10011,217.06717226435535
10012,217.0887573964497
10013,217.11034252854404
10014,217.13192766063838
10015,217.15351279273273
10016,217.17509792482707
10017,217.19668305692142
10018,217.21826818901573
10019,217.23985332111008
10020,217.26143845320442
10021,217.28302358529876
10022,217.3046087173931
10023,217.32619384948745
10024,217.3477789815818
10025,217.36936411367614
10026,217.39094924577049
10027,217.41253437786483
10028,217.43411950995915
10029,217.4557046420535
10030,217.47728977414783
10031,217.49887490624218
10032,217.52046003833652
10033,217.54204517043087
10034,217.5636303025252
10035,217.58521543461956
10036,217.6068005667139
10037,217.62838569880822
10038,217.64997083090256
10039,217.6715559629969
10040,217.69314109509125
10041,217.7147262271856
10042,217.73631135927994
10043,217.75789649137428
10044,217.77948162346863
10045,217.80106675556297
10046,217.8226518876573
10047,217.84423701975163
10048,217.86582215184598
10049,217.88740728394032
10050,217.90899241603466
10051,217.930577548129
10052,217.95216268022335
10053,217.9737478123177
10054,217.99533294441204
10055,218.01691807650636
10056,218.0385032086007
10057,218.06008834069505
10058,218.0816734727894
10059,218.10325860488373
10060,218.12484373697808
10061,218.14642886907242
10062,218.16801400116677
10063,218.1895991332611
10064,218.21118426535543
10065,218.23276939744977
10066,218.25435452954412
10067,218.27593966163846
10068,218.2975247937328
10069,218.31910992582715
10070,218.3406950579215
10071,218.36228019001584
10072,218.38386532211018
10073,218.4054504542045
10074,218.42703558629884
10075,218.4486207183932
10076,218.47020585048753
10077,218.49179098258188
10078,218.51337611467622
10079,218.53496124677056
10080,218.5565463788649
10081,218.57813151095925
10082,218.59971664305357
10083,218.6213017751479
10084,218.64288690724226
10085,218.6644720393366
10086,218.68605717143095
10087,218.7076423035253
10088,218.72922743561963
10089,218.75081256771398
10090,218.77239769980832
10091,218.79398283190264
10092,218.81556796399698
10093,218.83715309609133
10094,218.85873822818567
10095,218.88032336028002
10096,218.90190849237436
10097,218.9234936244687
10098,218.94507875656305
10099,218.9666638886574
10100,218.9882490207517
10101,219.00983415284605
10102,219.0314192849404
10103,219.05300441703474
10104,219.0745895491291
10105,219.09617468122343
10106,219.11775981331778
10107,219.13934494541212
10108,219.16093007750646
10109,219.1825152096008
10110,219.20410034169512
10111,219.22568547378947
10112,219.2472706058838
10113,219.26885573797816
10114,219.2904408700725
10115,219.31202600216685
10116,219.3336111342612
10117,219.35519626635553
10118,219.37678139844988
10119,219.3983665305442
10120,219.41995166263854
10121,219.44153679473288
10122,219.46312192682723
10123,219.48470705892157
10124,219.50629219101592
10125,219.52787732311026
10126,219.5494624552046
10127,219.57104758729895
10128,219.59263271939327
10129,219.6142178514876
10130,219.63580298358195
10131,219.6573881156763
10132,219.67897324777064
10133,219.700558379865
10134,219.72214351195933
10135,219.74372864405368
10136,219.76531377614802
10137,219.78689890824234
10138,219.80848404033668
10139,219.83006917243102
10140,219.85165430452537
10141,219.8732394366197
10142,219.89482456871406
10143,219.9164097008084
10144,219.93799483290275
10145,219.9595799649971
10146,219.9811650970914
10147,220.00275022918575
10148,220.0243353612801
10149,220.04592049337444
10150,220.06750562546878
10151,220.08909075756313
10152,220.11067588965747
10153,220.13226102175182
10154,220.15384615384616
10155,220.17543128594048
10156,220.19701641803482
10157,220.21860155012916
10158,220.2401866822235
10159,220.26177181431785
10160,220.2833569464122
10161,220.30494207850654
10162,220.3265272106009
10163,220.34811234269523
10164,220.36969747478955
10165,220.3912826068839
10166,220.41286773897824
10167,220.43445287107258
10168,220.45603800316692
10169,220.47762313526127
10170,220.4992082673556
10171,220.52079339944996
10172,220.5423785315443
10173,220.56396366363862
10174,220.58554879573296
10175,220.6071339278273
10176,220.62871905992165
10177,220.650304192016
10178,220.67188932411034
10179,220.69347445620468
10180,220.71505958829903
10181,220.73664472039337
10182,220.7582298524877
10183,220.77981498458203
10184,220.80140011667638
10185,220.82298524877072
10186,220.84457038086506
10187,220.8661555129594
10188,220.88774064505375
10189,220.9093257771481
10190,220.93091090924244
10191,220.95249604133676
10192,220.9740811734311
10193,220.99566630552545
10194,221.0172514376198
10195,221.03883656971414
10196,221.06042170180848
10197,221.08200683390282
10198,221.10359196599717
10199,221.1251770980915
10200,221.14676223018586
10201,221.16834736228017
10202,221.18993249437452
10203,221.21151762646886
10204,221.2331027585632
10205,221.25468789065755
10206,221.2762730227519
10207,221.29785815484624
10208,221.31944328694058
10209,221.34102841903493
10210,221.36261355112924
10211,221.3841986832236
10212,221.40578381531793
10213,221.42736894741228
10214,221.44895407950662
10215,221.47053921160096
10216,221.4921243436953
10217,221.51370947578965
10218,221.535294607884
10219,221.5568797399783
10220,221.57846487207266
10221,221.600050004167
10222,221.62163513626135
10223,221.6432202683557
10224,221.66480540045004
10225,221.68639053254438
10226,221.70797566463872
10227,221.72956079673307
10228,221.75114592882738
10229,221.77273106092173
10230,221.79431619301607
10231,221.81590132511042
10232,221.83748645720476
10233,221.8590715892991
10234,221.88065672139345
10235,221.9022418534878
10236,221.92382698558214
10237,221.94541211767645
10238,221.9669972497708
10239,221.98858238186514
10240,222.0101675139595
10241,222.03175264605383
10242,222.05333777814818
10243,222.07492291024252
10244,222.09650804233686
10245,222.1180931744312
10246,222.13967830652552
10247,222.16126343861987
10248,222.1828485707142
10249,222.20443370280856
10250,222.2260188349029
10251,222.24760396699725
10252,222.2691890990916
10253,222.29077423118594
10254,222.31235936328028
10255,222.3339444953746
10256,222.35552962746894
10257,222.37711475956328
10258,222.39869989165763
10259,222.42028502375197
10260,222.44187015584632
10261,222.46345528794066
10262,222.485040420035
10263,222.50662555212935
10264,222.52821068422367
10265,222.549795816318
10266,222.57138094841235
10267,222.5929660805067
10268,222.61455121260104
10269,222.6361363446954
10270,222.65772147678973
10271,222.67930660888408
10272,222.70089174097842
10273,222.72247687307274
10274,222.74406200516708
10275,222.76564713726142
10276,222.78723226935577
10277,222.8088174014501
10278,222.83040253354446
10279,222.8519876656388
10280,222.87357279773315
10281,222.8951579298275
10282,222.9167430619218
10283,222.93832819401615
10284,222.9599133261105
10285,222.98149845820484
10286,223.00308359029918
10287,223.02466872239353
10288,223.04625385448787
10289,223.06783898658222
10290,223.08942411867656
10291,223.1110092507709
10292,223.13259438286522
10293,223.15417951495957
10294,223.1757646470539
10295,223.19734977914825
10296,223.2189349112426
10297,223.24052004333694
10298,223.2621051754313
10299,223.28369030752563
10300,223.30527543961998
10301,223.3268605717143
10302,223.34844570380864
10303,223.37003083590298
10304,223.39161596799732
10305,223.41320110009167
10306,223.434786232186
10307,223.45637136428036
10308,223.4779564963747
10309,223.49954162846905
10310,223.52112676056336
10311,223.5427118926577
10312,223.56429702475205
10313,223.5858821568464
10314,223.60746728894074
10315,223.62905242103508
10316,223.65063755312943
10317,223.67222268522377
10318,223.69380781731812
10319,223.71539294941243
10320,223.73697808150678
10321,223.75856321360112
10322,223.78014834569547
10323,223.8017334777898
10324,223.82331860988415
10325,223.8449037419785
10326,223.86648887407284
10327,223.8880740061672
10328,223.9096591382615
10329,223.93124427035585
10330,223.9528294024502
10331,223.97441453454454
10332,223.99599966663888
10333,224.01758479873322
10334,224.03916993082757
10335,224.0607550629219
10336,224.08234019501626
10337,224.10392532711057
10338,224.12551045920492
10339,224.14709559129926
10340,224.1686807233936
10341,224.19026585548795
10342,224.2118509875823
10343,224.23343611967664
10344,224.25502125177098
10345,224.27660638386533
10346,224.29819151595964
10347,224.319776648054
10348,224.34136178014833
10349,224.36294691224268
10350,224.38453204433702
10351,224.40611717643137
10352,224.4277023085257
10353,224.44928744062005
10354,224.4708725727144
10355,224.49245770480871
10356,224.51404283690306
10357,224.5356279689974
10358,224.55721310109175
10359,224.5787982331861
10360,224.60038336528044
10361,224.62196849737478
10362,224.64355362946912
10363,224.66513876156347
10364,224.68672389365778
10365,224.70830902575213
10366,224.72989415784647
10367,224.75147928994082
10368,224.77306442203516
10369,224.7946495541295
10370,224.81623468622385
10371,224.8378198183182
10372,224.85940495041254
10373,224.88099008250686
10374,224.9025752146012
10375,224.92416034669554
10376,224.9457454787899
10377,224.96733061088423
10378,224.98891574297858
10379,225.01050087507292
10380,225.03208600716727
10381,225.0536711392616
10382,225.07525627135595
10383,225.09684140345027
10384,225.11842653554461
10385,225.14001166763896
10386,225.1615967997333
10387,225.18318193182765
10388,225.204767063922
10389,225.22635219601634
10390,225.24793732811068
10391,225.26952246020502
10392,225.29110759229934
10393,225.31269272439368
10394,225.33427785648803
10395,225.35586298858237
10396,225.37744812067672
10397,225.39903325277106
10398,225.4206183848654
10399,225.44220351695975
10400,225.4637886490541
10401,225.4853737811484
10402,225.50695891324276
10403,225.5285440453371
10404,225.55012917743144
10405,225.5717143095258
10406,225.59329944162013
10407,225.61488457371448
10408,225.63646970580882
10409,225.65805483790317
10410,225.67963996999748
10411,225.70122510209183
10412,225.72281023418617
10413,225.74439536628051
10414,225.76598049837486
10415,225.7875656304692
10416,225.80915076256355
10417,225.8307358946579
10418,225.85232102675224
10419,225.87390615884655
10420,225.8954912909409
10421,225.91707642303524
10422,225.93866155512958
10423,225.96024668722393
10424,225.98183181931827
10425,226.00341695141262
10426,226.02500208350696
10427,226.0465872156013
10428,226.06817234769562
10429,226.08975747978997
10430,226.1113426118843
10431,226.13292774397866
10432,226.154512876073
10433,226.17609800816734
10434,226.1976831402617
10435,226.21926827235603
10436,226.24085340445038
10437,226.2624385365447
10438,226.28402366863904
10439,226.30560880073338
10440,226.32719393282773
10441,226.34877906492207
10442,226.3703641970164
10443,226.39194932911076
10444,226.4135344612051
10445,226.43511959329945
10446,226.45670472539376
10447,226.4782898574881
10448,226.49987498958245
10449,226.5214601216768
10450,226.54304525377114
10451,226.56463038586548
10452,226.58621551795983
10453,226.60780065005417
10454,226.62938578214852
10455,226.65097091424283
10456,226.67255604633718
10457,226.69414117843152
10458,226.71572631052587
10459,226.7373114426202
10460,226.75889657471456
10461,226.7804817068089
10462,226.80206683890324
10463,226.8236519709976
10464,226.84523710309193
10465,226.86682223518625
10466,226.8884073672806
10467,226.90999249937494
10468,226.93157763146928
10469,226.95316276356363
10470,226.97474789565797
10471,226.9963330277523
10472,227.01791815984666
10473,227.039503291941
10474,227.06108842403532
10475,227.08267355612966
10476,227.104258688224
10477,227.12584382031835
10478,227.1474289524127
10479,227.16901408450704
10480,227.19059921660138
10481,227.21218434869573
10482,227.23376948079007
10483,227.2553546128844
10484,227.27693974497873
10485,227.29852487707308
10486,227.32011000916742
10487,227.34169514126177
10488,227.3632802733561
10489,227.38486540545046
10490,227.4064505375448
10491,227.42803566963914
10492,227.44962080173346
10493,227.4712059338278
10494,227.49279106592215
10495,227.5143761980165
10496,227.53596133011084
10497,227.55754646220518
10498,227.57913159429953
10499,227.60071672639387
10500,227.6223018584882
10501,227.64388699058253
10502,227.66547212267687
10503,227.68705725477122
10504,227.70864238686556
10505,227.7302275189599
10506,227.75181265105425
10507,227.7733977831486
10508,227.79498291524294
10509,227.81656804733728
10510,227.8381531794316
10511,227.85973831152594
10512,227.8813234436203
10513,227.90290857571463
10514,227.92449370780898
10515,227.94607883990332
10516,227.96766397199767
10517,227.989249104092
10518,228.01083423618635
10519,228.03241936828067
10520,228.05400450037502
10521,228.07558963246936
10522,228.0971747645637
10523,228.11875989665805
10524,228.1403450287524
10525,228.16193016084674
10526,228.18351529294108
10527,228.20510042503543
10528,228.22668555712974
10529,228.24827068922409
10530,228.26985582131843
10531,228.29144095341277
10532,228.31302608550712
10533,228.33461121760146
10534,228.3561963496958
10535,228.37778148179015
10536,228.3993666138845
10537,228.4209517459788
10538,228.44253687807316
10539,228.4641220101675
10540,228.48570714226184
10541,228.5072922743562
10542,228.52887740645053
10543,228.55046253854488
10544,228.57204767063922
10545,228.59363280273357
10546,228.61521793482788
10547,228.63680306692223
10548,228.65838819901657
10549,228.67997333111092
10550,228.70155846320526
10551,228.7231435952996
10552,228.74472872739395
10553,228.7663138594883
10554,228.78789899158264
10555,228.80948412367698
10556,228.8310692557713
10557,228.85265438786564
10558,228.87423951995999
10559,228.89582465205433
10560,228.91740978414867
10561,228.93899491624302
10562,228.96058004833736
10563,228.9821651804317
10564,229.00375031252605
10565,229.02533544462037
10566,229.0469205767147
10567,229.06850570880906
10568,229.0900908409034
10569,229.11167597299774
10570,229.1332611050921
10571,229.15484623718643
10572,229.17643136928078
10573,229.19801650137512
10574,229.21960163346944
10575,229.24118676556378
10576,229.26277189765813
10577,229.28435702975247
10578,229.30594216184681
10579,229.32752729394116
10580,229.3491124260355
10581,229.37069755812985
10582,229.3922826902242
10583,229.4138678223185
10584,229.43545295441285
10585,229.4570380865072
10586,229.47862321860154
10587,229.50020835069589
10588,229.52179348279023
10589,229.54337861488457
10590,229.56496374697892
10591,229.58654887907326
10592,229.60813401116758
10593,229.62971914326192
10594,229.65130427535627
10595,229.6728894074506
10596,229.69447453954496
10597,229.7160596716393
10598,229.73764480373364
10599,229.759229935828
10600,229.78081506792233
10601,229.80240020001665
10602,229.823985332111
10603,229.84557046420534
10604,229.86715559629968
10605,229.88874072839403
10606,229.91032586048837
10607,229.93191099258271
10608,229.95349612467706
10609,229.9750812567714
10610,229.99666638886572
10611,230.01825152096006
10612,230.0398366530544
10613,230.06142178514875
10614,230.0830069172431
10615,230.10459204933744
10616,230.12617718143179
10617,230.14776231352613
10618,230.16934744562047
10619,230.1909325777148
10620,230.21251770980913
10621,230.23410284190348
10622,230.25568797399782
10623,230.27727310609217
10624,230.2988582381865
10625,230.32044337028086
10626,230.3420285023752
10627,230.36361363446954
10628,230.38519876656386
10629,230.4067838986582
10630,230.42836903075255
10631,230.4499541628469
10632,230.47153929494124
10633,230.49312442703558
10634,230.51470955912993
10635,230.53629469122427
10636,230.55787982331861
10637,230.57946495541293
10638,230.60105008750728
10639,230.62263521960162
10640,230.64422035169596
10641,230.6658054837903
10642,230.68739061588465
10643,230.708975747979
10644,230.73056088007334
10645,230.75214601216769
10646,230.77373114426203
10647,230.79531627635635
10648,230.8169014084507
10649,230.83848654054503
10650,230.86007167263938
10651,230.88165680473372
10652,230.90324193682807
10653,230.9248270689224
10654,230.94641220101676
10655,230.9679973331111
10656,230.98958246520542
10657,231.01116759729976
10658,231.0327527293941
10659,231.05433786148845
10660,231.0759229935828
10661,231.09750812567714
10662,231.11909325777148
10663,231.14067838986583
10664,231.16226352196017
10665,231.1838486540545
10666,231.20543378614883
10667,231.22701891824317
10668,231.24860405033752
10669,231.27018918243186
10670,231.2917743145262
10671,231.31335944662055
10672,231.3349445787149
10673,231.35652971080924
10674,231.37811484290356
10675,231.3996999749979
10676,231.42128510709225
10677,231.4428702391866
10678,231.46445537128093
10679,231.48604050337528
10680,231.50762563546962
10681,231.52921076756397
10682,231.5507958996583
10683,231.57238103175263
10684,231.59396616384697
10685,231.61555129594132
10686,231.63713642803566
10687,231.65872156013
10688,231.68030669222435
10689,231.7018918243187
10690,231.72347695641304
10691,231.74506208850738
10692,231.7666472206017
10693,231.78823235269604
10694,231.8098174847904
10695,231.83140261688473
10696,231.85298774897907
10697,231.87457288107342
10698,231.89615801316776
10699,231.9177431452621
10700,231.93932827735645
10701,231.96091340945077
10702,231.9824985415451
10703,232.00408367363946
10704,232.0256688057338
10705,232.04725393782815
10706,232.0688390699225
10707,232.09042420201683
10708,232.11200933411118
10709,232.13359446620552
10710,232.15517959829984
10711,232.17676473039418
10712,232.19834986248853
10713,232.21993499458287
10714,232.24152012667722
10715,232.26310525877156
10716,232.2846903908659
10717,232.30627552296025
10718,232.3278606550546
10719,232.3494457871489
10720,232.37103091924325
10721,232.3926160513376
10722,232.41420118343194
10723,232.4357863155263
10724,232.45737144762063
10725,232.47895657971497
10726,232.50054171180932
10727,232.52212684390366
10728,232.54371197599798
10729,232.56529710809232
10730,232.58688224018667
10731,232.608467372281
10732,232.63005250437536
10733,232.6516376364697
10734,232.67322276856405
10735,232.6948079006584
10736,232.71639303275273
10737,232.73797816484708
10738,232.7595632969414
10739,232.78114842903574
10740,232.80273356113008
10741,232.82431869322443
10742,232.84590382531877
10743,232.86748895741312
10744,232.88907408950746
10745,232.9106592216018
10746,232.93224435369615
10747,232.95382948579046
10748,232.9754146178848
10749,232.99699974997915
10750,233.0185848820735
10751,233.04017001416784
10752,233.0617551462622
10753,233.08334027835653
10754,233.10492541045087
10755,233.12651054254522
10756,233.14809567463953
10757,233.16968080673388
10758,233.19126593882822
10759,233.21285107092257
10760,233.2344362030169
10761,233.25602133511126
10762,233.2776064672056
10763,233.29919159929995
10764,233.3207767313943
10765,233.3423618634886
10766,233.36394699558295
10767,233.3855321276773
10768,233.40711725977164
10769,233.42870239186598
10770,233.45028752396033
10771,233.47187265605467
10772,233.49345778814902
10773,233.51504292024336
10774,233.53662805233768
10775,233.55821318443202
10776,233.57979831652636
10777,233.6013834486207
10778,233.62296858071505
10779,233.6445537128094
10780,233.66613884490374
10781,233.6877239769981
10782,233.70930910909243
10783,233.73089424118675
10784,233.7524793732811
10785,233.77406450537543
10786,233.79564963746978
10787,233.81723476956412
10788,233.83881990165847
10789,233.8604050337528
10790,233.88199016584716
10791,233.9035752979415
10792,233.92516043003582
10793,233.94674556213016
10794,233.9683306942245
10795,233.98991582631885
10796,234.0115009584132
10797,234.03308609050754
10798,234.05467122260188
10799,234.07625635469623
10800,234.09784148679057
10801,234.1194266188849
10802,234.14101175097923
10803,234.16259688307358
10804,234.18418201516792
10805,234.20576714726226
10806,234.2273522793566
10807,234.24893741145095
10808,234.2705225435453
10809,234.29210767563964
10810,234.31369280773396
10811,234.3352779398283
10812,234.35686307192265
10813,234.378448204017
10814,234.40003333611133
10815,234.42161846820568
10816,234.44320360030002
10817,234.46478873239437
10818,234.4863738644887
10819,234.50795899658303
10820,234.52954412867737
10821,234.55112926077172
10822,234.57271439286606
10823,234.5942995249604
10824,234.61588465705475
10825,234.6374697891491
10826,234.65905492124344
10827,234.68064005333778
10828,234.70222518543213
10829,234.72381031752644
10830,234.7453954496208
10831,234.76698058171513
10832,234.78856571380948
10833,234.81015084590382
10834,234.83173597799816
10835,234.8533211100925
10836,234.87490624218685
10837,234.8964913742812
10838,234.9180765063755
10839,234.93966163846986
10840,234.9612467705642
10841,234.98283190265855
10842,235.0044170347529
10843,235.02600216684723
10844,235.04758729894158
10845,235.06917243103592
10846,235.09075756313027
10847,235.11234269522458
10848,235.13392782731893
10849,235.15551295941327
10850,235.17709809150762
10851,235.19868322360196
10852,235.2202683556963
10853,235.24185348779065
10854,235.263438619885
10855,235.28502375197934
10856,235.30660888407365
10857,235.328194016168
10858,235.34977914826234
10859,235.3713642803567
10860,235.39294941245103
10861,235.41453454454538
10862,235.43611967663972
10863,235.45770480873406
10864,235.4792899408284
10865,235.50087507292272
10866,235.52246020501707
10867,235.5440453371114
10868,235.56563046920576
10869,235.5872156013001
10870,235.60880073339445
10871,235.6303858654888
10872,235.65197099758313
10873,235.67355612967748
10874,235.6951412617718
10875,235.71672639386614
10876,235.73831152596048
10877,235.75989665805483
10878,235.78148179014917
10879,235.80306692224352
10880,235.82465205433786
10881,235.8462371864322
10882,235.86782231852655
10883,235.88940745062087
10884,235.9109925827152
10885,235.93257771480955
10886,235.9541628469039
10887,235.97574797899824
10888,235.9973331110926
10889,236.01891824318693
10890,236.04050337528128
10891,236.06208850737562
10892,236.08367363946994
10893,236.10525877156428
10894,236.12684390365862
10895,236.14842903575297
10896,236.1700141678473
10897,236.19159929994166
10898,236.213184432036
10899,236.23476956413035
10900,236.2563546962247
10901,236.277939828319
10902,236.29952496041335
10903,236.3211100925077
10904,236.34269522460204
10905,236.36428035669638
10906,236.38586548879073
10907,236.40745062088507
10908,236.42903575297942
10909,236.45062088507376
10910,236.4722060171681
10911,236.49379114926242
10912,236.51537628135677
10913,236.5369614134511
10914,236.55854654554545
10915,236.5801316776398
10916,236.60171680973414
10917,236.6233019418285
10918,236.64488707392283
10919,236.66647220601718
10920,236.6880573381115
10921,236.70964247020584
10922,236.73122760230018
10923,236.75281273439452
10924,236.77439786648887
10925,236.7959829985832
10926,236.81756813067756
10927,236.8391532627719
10928,236.86073839486625
10929,236.88232352696056
10930,236.9039086590549
10931,236.92549379114925
10932,236.9470789232436
10933,236.96866405533794
10934,236.99024918743228
10935,237.01183431952663
10936,237.03341945162097
10937,237.05500458371532
10938,237.07658971580963
10939,237.09817484790398
10940,237.11975997999832
10941,237.14134511209267
10942,237.162930244187
10943,237.18451537628135
10944,237.2061005083757
10945,237.22768564047004
10946,237.2492707725644
10947,237.2708559046587
10948,237.29244103675305
10949,237.3140261688474
10950,237.33561130094174
10951,237.35719643303608
10952,237.37878156513042
10953,237.40036669722477
10954,237.4219518293191
10955,237.44353696141346
10956,237.46512209350777
10957,237.48670722560212
10958,237.50829235769646
10959,237.5298774897908
10960,237.55146262188515
10961,237.5730477539795
10962,237.59463288607384
10963,237.61621801816818
10964,237.63780315026253
10965,237.65938828235684
10966,237.6809734144512
10967,237.70255854654553
10968,237.72414367863988
10969,237.74572881073422
10970,237.76731394282857
10971,237.7888990749229
10972,237.81048420701725
10973,237.8320693391116
10974,237.8536544712059
10975,237.87523960330026
10976,237.8968247353946
10977,237.91840986748895
10978,237.9399949995833
10979,237.96158013167764
10980,237.98316526377198
10981,238.00475039586632
10982,238.02633552796067
10983,238.04792066005498
10984,238.06950579214933
10985,238.09109092424367
10986,238.11267605633802
10987,238.13426118843236
10988,238.1558463205267
10989,238.17743145262105
10990,238.1990165847154
10991,238.22060171680974
10992,238.24218684890405
10993,238.2637719809984
10994,238.28535711309274
10995,238.3069422451871
10996,238.32852737728143
10997,238.35011250937578
10998,238.37169764147012
10999,238.39328277356447
11000,238.4148679056588
11001,238.43645303775315
11002,238.45803816984747
11003,238.4796233019418
11004,238.50120843403616
11005,238.5227935661305
11006,238.54437869822485
11007,238.5659638303192
11008,238.58754896241354
11009,238.60913409450788
11010,238.63071922660222
11011,238.65230435869654
11012,238.67388949079088
11013,238.69547462288523
11014,238.71705975497957
11015,238.73864488707392
11016,238.76023001916826
11017,238.7818151512626
11018,238.80340028335695
11019,238.8249854154513
11020,238.8465705475456
11021,238.86815567963995
11022,238.8897408117343
11023,238.91132594382864
11024,238.932911075923
11025,238.95449620801733
11026,238.97608134011168
11027,238.99766647220602
11028,239.01925160430036
11029,239.04083673639468
11030,239.06242186848903
11031,239.08400700058337
11032,239.1055921326777
11033,239.12717726477206
11034,239.1487623968664
11035,239.17034752896075
11036,239.1919326610551
11037,239.21351779314944
11038,239.23510292524375
11039,239.2566880573381
11040,239.27827318943244
11041,239.29985832152678
11042,239.32144345362113
11043,239.34302858571547
11044,239.36461371780982
11045,239.38619884990416
11046,239.4077839819985
11047,239.42936911409282
11048,239.45095424618717
11049,239.4725393782815
11050,239.49412451037585
11051,239.5157096424702
11052,239.53729477456454
11053,239.5588799066589
11054,239.58046503875323
11055,239.60205017084758
11056,239.6236353029419
11057,239.64522043503624
11058,239.66680556713058
11059,239.68839069922493
11060,239.70997583131927
11061,239.7315609634136
11062,239.75314609550796
11063,239.7747312276023
11064,239.79631635969665
11065,239.81790149179096
11066,239.8394866238853
11067,239.86107175597965
11068,239.882656888074
11069,239.90424202016834
11070,239.92582715226268
11071,239.94741228435703
11072,239.96899741645137
11073,239.99058254854572
11074,240.01216768064003
11075,240.03375281273438
11076,240.05533794482872
11077,240.07692307692307
11078,240.0985082090174
11079,240.12009334111175
11080,240.1416784732061
11081,240.16326360530044
11082,240.1848487373948
11083,240.2064338694891
11084,240.22801900158345
11085,240.2496041336778
11086,240.27118926577214
11087,240.29277439786648
11088,240.31435952996083
11089,240.33594466205517
11090,240.3575297941495
11091,240.37911492624386
11092,240.4007000583382
11093,240.42228519043252
11094,240.44387032252686
11095,240.4654554546212
11096,240.48704058671555
11097,240.5086257188099
11098,240.53021085090424
11099,240.55179598299858
11100,240.57338111509293
11101,240.59496624718727
11102,240.6165513792816
11103,240.63813651137593
11104,240.65972164347028
11105,240.68130677556462
11106,240.70289190765897
11107,240.7244770397533
11108,240.74606217184765
11109,240.767647303942
11110,240.78923243603634
11111,240.81081756813066
11112,240.832402700225
11113,240.85398783231935
11114,240.8755729644137
11115,240.89715809650804
11116,240.91874322860238
11117,240.94032836069672
11118,240.96191349279107
11119,240.9834986248854
11120,241.00508375697973
11121,241.02666888907407
11122,241.04825402116842
11123,241.06983915326276
11124,241.0914242853571
11125,241.11300941745145
11126,241.1345945495458
11127,241.15617968164014
11128,241.17776481373448
11129,241.1993499458288
11130,241.22093507792314
11131,241.2425202100175
11132,241.26410534211183
11133,241.28569047420618
11134,241.30727560630052
11135,241.32886073839487
11136,241.3504458704892
11137,241.37203100258355
11138,241.39361613467787
11139,241.41520126677221
11140,241.43678639886656
11141,241.4583715309609
11142,241.47995666305525
11143,241.5015417951496
11144,241.52312692724394
11145,241.54471205933828
11146,241.56629719143262
11147,241.58788232352694
11148,241.60946745562129
11149,241.63105258771563
11150,241.65263771980997
11151,241.67422285190432
11152,241.69580798399866
11153,241.717393116093
11154,241.73897824818735
11155,241.7605633802817
11156,241.782148512376
11157,241.80373364447036
11158,241.8253187765647
11159,241.84690390865904
11160,241.8684890407534
11161,241.89007417284773
11162,241.91165930494208
11163,241.93324443703642
11164,241.95482956913077
11165,241.97641470122508
11166,241.99799983331943
11167,242.01958496541377
11168,242.04117009750811
11169,242.06275522960246
11170,242.0843403616968
11171,242.10592549379115
11172,242.1275106258855
11173,242.14909575797984
11174,242.17068089007415
11175,242.1922660221685
11176,242.21385115426284
11177,242.23543628635719
11178,242.25702141845153
11179,242.27860655054587
11180,242.30019168264022
11181,242.32177681473456
11182,242.3433619468289
11183,242.36494707892325
11184,242.38653221101757
11185,242.4081173431119
11186,242.42970247520626
11187,242.4512876073006
11188,242.47287273939494
11189,242.4944578714893
11190,242.51604300358363
11191,242.53762813567798
11192,242.55921326777232
11193,242.58079839986664
11194,242.60238353196098
11195,242.62396866405533
11196,242.64555379614967
11197,242.66713892824401
11198,242.68872406033836
11199,242.7103091924327
11200,242.73189432452705
11201,242.7534794566214
11202,242.7750645887157
11203,242.79664972081005
11204,242.8182348529044
11205,242.83981998499874
11206,242.86140511709308
11207,242.88299024918743
11208,242.90457538128177
11209,242.92616051337612
11210,242.94774564547046
11211,242.96933077756478
11212,242.99091590965912
11213,243.01250104175347
11214,243.0340861738478
11215,243.05567130594216
11216,243.0772564380365
11217,243.09884157013084
11218,243.1204267022252
11219,243.14201183431953
11220,243.16359696641385
11221,243.1851820985082
11222,243.20676723060254
11223,243.22835236269688
11224,243.24993749479123
11225,243.27152262688557
11226,243.29310775897991
11227,243.31469289107426
11228,243.3362780231686
11229,243.35786315526292
11230,243.37944828735726
11231,243.4010334194516
11232,243.42261855154595
11233,243.4442036836403
11234,243.46578881573464
11235,243.48737394782898
11236,243.50895907992333
11237,243.53054421201767
11238,243.552129344112
11239,243.57371447620633
11240,243.59529960830068
11241,243.61688474039502
11242,243.63846987248937
11243,243.6600550045837
11244,243.68164013667806
11245,243.7032252687724
11246,243.72481040086674
11247,243.74639553296106
11248,243.7679806650554
11249,243.78956579714975
11250,243.8111509292441
11251,243.83273606133844
11252,243.85432119343278
11253,243.87590632552713
11254,243.89749145762147
11255,243.91907658971581
11256,243.94066172181013
11257,243.96224685390447
11258,243.98383198599882
11259,244.00541711809316
11260,244.0270022501875
11261,244.04858738228185
11262,244.0701725143762
11263,244.09175764647054
11264,244.11334277856488
11265,244.1349279106592
11266,244.15651304275355
11267,244.1780981748479
11268,244.19968330694223
11269,244.22126843903658
11270,244.24285357113092
11271,244.26443870322527
11272,244.2860238353196
11273,244.30760896741396
11274,244.3291940995083
11275,244.35077923160262
11276,244.37236436369696
11277,244.3939494957913
11278,244.41553462788565
11279,244.43711975998
11280,244.45870489207434
11281,244.48029002416868
11282,244.50187515626303
11283,244.52346028835737
11284,244.5450454204517
11285,244.56663055254603
11286,244.58821568464037
11287,244.60980081673472
11288,244.63138594882906
11289,244.6529710809234
11290,244.67455621301775
11291,244.6961413451121
11292,244.71772647720644
11293,244.73931160930076
11294,244.7608967413951
11295,244.78248187348944
11296,244.8040670055838
11297,244.82565213767813
11298,244.84723726977248
11299,244.86882240186682
11300,244.89040753396117
11301,244.9119926660555
11302,244.93357779814983
11303,244.95516293024417
11304,244.97674806233852
11305,244.99833319443286
11306,245.0199183265272
11307,245.04150345862155
11308,245.0630885907159
11309,245.08467372281024
11310,245.10625885490458
11311,245.1278439869989
11312,245.14942911909324
11313,245.1710142511876
11314,245.19259938328193
11315,245.21418451537627
11316,245.23576964747062
11317,245.25735477956496
11318,245.2789399116593
11319,245.30052504375365
11320,245.32211017584797
11321,245.3436953079423
11322,245.36528044003666
11323,245.386865572131
11324,245.40845070422534
11325,245.4300358363197
11326,245.45162096841403
11327,245.47320610050838
11328,245.49479123260272
11329,245.51637636469704
11330,245.53796149679138
11331,245.55954662888573
11332,245.58113176098007
11333,245.60271689307442
11334,245.62430202516876
11335,245.6458871572631
11336,245.66747228935745
11337,245.6890574214518
11338,245.7106425535461
11339,245.73222768564045
11340,245.7538128177348
11341,245.77539794982914
11342,245.79698308192349
11343,245.81856821401783
11344,245.84015334611217
11345,245.86173847820652
11346,245.88332361030086
11347,245.90490874239518
11348,245.92649387448952
11349,245.94807900658387
11350,245.9696641386782
11351,245.99124927077256
11352,246.0128344028669
11353,246.03441953496124
11354,246.0560046670556
11355,246.07758979914993
11356,246.09917493124428
11357,246.1207600633386
11358,246.14234519543294
11359,246.16393032752728
11360,246.18551545962163
11361,246.20710059171597
11362,246.22868572381032
11363,246.25027085590466
11364,246.271855987999
11365,246.29344112009335
11366,246.31502625218766
11367,246.336611384282
11368,246.35819651637635
11369,246.3797816484707
11370,246.40136678056504
11371,246.42295191265939
11372,246.44453704475373
11373,246.46612217684807
11374,246.48770730894242
11375,246.50929244103673
11376,246.53087757313108
11377,246.55246270522542
11378,246.57404783731977
11379,246.5956329694141
11380,246.61721810150846
11381,246.6388032336028
11382,246.66038836569714
11383,246.6819734977915
11384,246.7035586298858
11385,246.72514376198015
11386,246.7467288940745
11387,246.76831402616884
11388,246.78989915826318
11389,246.81148429035753
11390,246.83306942245187
11391,246.85465455454622
11392,246.87623968664056
11393,246.89782481873488
11394,246.91940995082922
11395,246.94099508292356
11396,246.9625802150179
11397,246.98416534711225
11398,247.0057504792066
11399,247.02733561130094
11400,247.04892074339529
11401,247.07050587548963
11402,247.09209100758395
11403,247.1136761396783
11404,247.13526127177263
11405,247.15684640386698
11406,247.17843153596132
11407,247.20001666805567
11408,247.22160180015
11409,247.24318693224436
11410,247.2647720643387
11411,247.28635719643302
11412,247.30794232852736
11413,247.3295274606217
11414,247.35111259271605
11415,247.3726977248104
11416,247.39428285690474
11417,247.41586798899908
11418,247.43745312109343
11419,247.45903825318777
11420,247.4806233852821
11421,247.50220851737643
11422,247.52379364947078
11423,247.54537878156512
11424,247.56696391365946
11425,247.5885490457538
11426,247.61013417784815
11427,247.6317193099425
11428,247.65330444203684
11429,247.67488957413116
11430,247.6964747062255
11431,247.71805983831985
11432,247.7396449704142
11433,247.76123010250853
11434,247.78281523460288
11435,247.80440036669722
11436,247.82598549879157
11437,247.8475706308859
11438,247.86915576298023
11439,247.89074089507457
11440,247.91232602716892
11441,247.93391115926326
11442,247.9554962913576
11443,247.97708142345195
11444,247.9986665555463
11445,248.02025168764064
11446,248.04183681973498
11447,248.06342195182933
11448,248.08500708392364
11449,248.106592216018
11450,248.12817734811233
11451,248.14976248020668
11452,248.17134761230102
11453,248.19293274439536
11454,248.2145178764897
11455,248.23610300858405
11456,248.2576881406784
11457,248.2792732727727
11458,248.30085840486706
11459,248.3224435369614
11460,248.34402866905575
11461,248.3656138011501
11462,248.38719893324443
11463,248.40878406533878
11464,248.43036919743312
11465,248.45195432952747
11466,248.47353946162178
11467,248.49512459371613
11468,248.51670972581047
11469,248.53829485790482
11470,248.55987998999916
11471,248.5814651220935
11472,248.60305025418785
11473,248.6246353862822
11474,248.64622051837654
11475,248.66780565047085
11476,248.6893907825652
11477,248.71097591465954
11478,248.7325610467539
11479,248.75414617884823
11480,248.77573131094258
11481,248.79731644303692
11482,248.81890157513126
11483,248.8404867072256
11484,248.86207183931992
11485,248.88365697141427
11486,248.9052421035086
11487,248.92682723560296
11488,248.9484123676973
11489,248.96999749979165
11490,248.991582631886
11491,249.01316776398033
11492,249.03475289607468
11493,249.056338028169
11494,249.07792316026334
11495,249.09950829235768
11496,249.12109342445203
11497,249.14267855654637
11498,249.16426368864072
11499,249.18584882073506
11500,249.2074339528294
11501,249.22901908492375
11502,249.25060421701806
11503,249.2721893491124
11504,249.29377448120675
11505,249.3153596133011
11506,249.33694474539544
11507,249.3585298774898
11508,249.38011500958413
11509,249.40170014167848
11510,249.42328527377282
11511,249.44487040586714
11512,249.46645553796148
11513,249.48804067005582
11514,249.50962580215017
11515,249.5312109342445
11516,249.55279606633886
11517,249.5743811984332
11518,249.59596633052755
11519,249.6175514626219
11520,249.6391365947162
11521,249.66072172681055
11522,249.6823068589049
11523,249.70389199099924
11524,249.72547712309358
11525,249.74706225518793
11526,249.76864738728227
11527,249.79023251937662
11528,249.81181765147096
11529,249.83340278356528
11530,249.85498791565962
11531,249.87657304775396
11532,249.8981581798483
11533,249.91974331194265
11534,249.941328444037
11535,249.96291357613134
11536,249.9844987082257
11537,250.00608384032003
11538,250.02766897241438
11539,250.0492541045087
11540,250.07083923660304
11541,250.09242436869738
11542,250.11400950079172
11543,250.13559463288607
11544,250.1571797649804
11545,250.17876489707476
11546,250.2003500291691
11547,250.22193516126345
11548,250.24352029335776
11549,250.2651054254521
11550,250.28669055754645
11551,250.3082756896408
11552,250.32986082173514
11553,250.35144595382948
11554,250.37303108592383
11555,250.39461621801817
11556,250.41620135011252
11557,250.43778648220683
11558,250.45937161430118
11559,250.48095674639552
11560,250.50254187848986
11561,250.5241270105842
11562,250.54571214267855
11563,250.5672972747729
11564,250.58888240686724
11565,250.6104675389616
11566,250.6320526710559
11567,250.65363780315025
11568,250.6752229352446
11569,250.69680806733894
11570,250.71839319943328
11571,250.73997833152762
11572,250.76156346362197
11573,250.7831485957163
11574,250.80473372781066
11575,250.82631885990497
11576,250.84790399199932
11577,250.86948912409366
11578,250.891074256188
11579,250.91265938828235
11580,250.9342445203767
11581,250.95582965247104
11582,250.97741478456538
11583,250.99899991665973
11584,251.02058504875404
11585,251.0421701808484
11586,251.06375531294273
11587,251.08534044503708
11588,251.10692557713142
11589,251.12851070922576
11590,251.1500958413201
11591,251.17168097341445
11592,251.1932661055088
11593,251.2148512376031
11594,251.23643636969746
11595,251.2580215017918
11596,251.27960663388615
11597,251.3011917659805
11598,251.32277689807484
11599,251.34436203016918
11600,251.36594716226352
11601,251.38753229435787
11602,251.40911742645218
11603,251.43070255854653
11604,251.45228769064087
11605,251.47387282273522
11606,251.49545795482956
11607,251.5170430869239
11608,251.53862821901825
11609,251.5602133511126
11610,251.58179848320694
11611,251.60338361530125
11612,251.6249687473956
11613,251.64655387948994
11614,251.6681390115843
11615,251.68972414367863
11616,251.71130927577298
11617,251.73289440786732
11618,251.75447953996166
11619,251.776064672056
11620,251.79764980415032
11621,251.81923493624467
11622,251.840820068339
11623,251.86240520043336
11624,251.8839903325277
11625,251.90557546462205
11626,251.9271605967164
11627,251.94874572881074
11628,251.97033086090508
11629,251.99191599299942
11630,252.01350112509374
11631,252.03508625718808
11632,252.05667138928243
11633,252.07825652137677
11634,252.09984165347112
11635,252.12142678556546
11636,252.1430119176598
11637,252.16459704975415
11638,252.1861821818485
11639,252.2077673139428
11640,252.22935244603715
11641,252.2509375781315
11642,252.27252271022584
11643,252.2941078423202
11644,252.31569297441453
11645,252.33727810650888
11646,252.35886323860322
11647,252.38044837069756
11648,252.40203350279188
11649,252.42361863488622
11650,252.44520376698057
11651,252.4667888990749
11652,252.48837403116926
11653,252.5099591632636
11654,252.53154429535795
11655,252.5531294274523
11656,252.57471455954663
11657,252.59629969164095
11658,252.6178848237353
11659,252.63946995582964
11660,252.66105508792398
11661,252.68264022001833
11662,252.70422535211267
11663,252.72581048420702
11664,252.74739561630136
11665,252.7689807483957
11666,252.79056588049002
11667,252.81215101258437
11668,252.8337361446787
11669,252.85532127677305
11670,252.8769064088674
11671,252.89849154096174
11672,252.9200766730561
11673,252.94166180515043
11674,252.96324693724478
11675,252.9848320693391
11676,253.00641720143344
11677,253.02800233352778
11678,253.04958746562212
11679,253.07117259771647
11680,253.0927577298108
11681,253.11434286190516
11682,253.1359279939995
11683,253.15751312609385
11684,253.17909825818816
11685,253.2006833902825
11686,253.22226852237685
11687,253.2438536544712
11688,253.26543878656554
11689,253.28702391865988
11690,253.30860905075423
11691,253.33019418284857
11692,253.35177931494292
11693,253.37336444703723
11694,253.39494957913158
11695,253.41653471122592
11696,253.43811984332027
11697,253.4597049754146
11698,253.48129010750895
11699,253.5028752396033
11700,253.52446037169764
11701,253.546045503792
11702,253.5676306358863
11703,253.58921576798065
11704,253.610800900075
11705,253.63238603216934
11706,253.65397116426368
11707,253.67555629635802
11708,253.69714142845237
11709,253.7187265605467
11710,253.74031169264106
11711,253.7618968247354
11712,253.78348195682972
11713,253.80506708892406
11714,253.8266522210184
11715,253.84823735311275
11716,253.8698224852071
11717,253.89140761730144
11718,253.91299274939578
11719,253.93457788149013
11720,253.95616301358447
11721,253.9777481456788
11722,253.99933327777313
11723,254.02091840986748
11724,254.04250354196182
11725,254.06408867405617
11726,254.0856738061505
11727,254.10725893824485
11728,254.1288440703392
11729,254.15042920243354
11730,254.17201433452786
11731,254.1935994666222
11732,254.21518459871655
11733,254.2367697308109
11734,254.25835486290524
11735,254.27993999499958
11736,254.30152512709392
11737,254.32311025918827
11738,254.3446953912826
11739,254.36628052337693
11740,254.38786565547127
11741,254.40945078756562
11742,254.43103591965996
11743,254.4526210517543
11744,254.47420618384865
11745,254.495791315943
11746,254.51737644803734
11747,254.53896158013168
11748,254.560546712226
11749,254.58213184432034
11750,254.6037169764147
11751,254.62530210850903
11752,254.64688724060338
11753,254.66847237269772
11754,254.69005750479207
11755,254.7116426368864
11756,254.73322776898075
11757,254.75481290107507
11758,254.77639803316941
11759,254.79798316526376
11760,254.8195682973581
11761,254.84115342945245
11762,254.8627385615468
11763,254.88432369364114
11764,254.90590882573548
11765,254.92749395782982
11766,254.94907908992414
11767,254.97066422201848
11768,254.99224935411283
11769,255.01383448620717
11770,255.03541961830152
11771,255.05700475039586
11772,255.0785898824902
11773,255.10017501458455
11774,255.1217601466789
11775,255.1433452787732
11776,255.16493041086756
11777,255.1865155429619
11778,255.20810067505624
11779,255.2296858071506
11780,255.25127093924493
11781,255.27285607133928
11782,255.29444120343362
11783,255.31602633552797
11784,255.33761146762228
11785,255.35919659971663
11786,255.38078173181097
11787,255.4023668639053
11788,255.42395199599966
11789,255.445537128094
11790,255.46712226018835
11791,255.4887073922827
11792,255.51029252437704
11793,255.53187765647135
11794,255.5534627885657
11795,255.57504792066004
11796,255.59663305275438
11797,255.61821818484873
11798,255.63980331694307
11799,255.66138844903742
11800,255.68297358113176
11801,255.7045587132261
11802,255.72614384532045
11803,255.74772897741477
11804,255.7693141095091
11805,255.79089924160346
11806,255.8124843736978
11807,255.83406950579214
11808,255.8556546378865
11809,255.87723976998083
11810,255.89882490207518
11811,255.92041003416952
11812,255.94199516626384
11813,255.96358029835818
11814,255.98516543045253
11815,256.00675056254687
11816,256.0283356946412
11817,256.04992082673556
11818,256.0715059588299
11819,256.09309109092425
11820,256.1146762230186
11821,256.1362613551129
11822,256.1578464872073
11823,256.17943161930157
11824,256.20101675139597
11825,256.22260188349026
11826,256.24418701558466
11827,256.26577214767894
11828,256.28735727977335
11829,256.30894241186763
11830,256.330527543962
11831,256.3521126760563
11832,256.37369780815067
11833,256.395282940245
11834,256.41686807233935
11835,256.4384532044337
11836,256.46003833652804
11837,256.4816234686224
11838,256.50320860071673
11839,256.5247937328111
11840,256.54637886490536
11841,256.56796399699977
11842,256.58954912909405
11843,256.61113426118845
11844,256.63271939328274
11845,256.65430452537714
11846,256.67588965747143
11847,256.69747478956583
11848,256.7190599216601
11849,256.74064505375446
11850,256.7622301858488
11851,256.78381531794315
11852,256.8054004500375
11853,256.82698558213184
11854,256.8485707142262
11855,256.87015584632053
11856,256.8917409784149
11857,256.91332611050916
11858,256.93491124260356
11859,256.95649637469785
11860,256.97808150679225
11861,256.99966663888654
11862,257.0212517709809
11863,257.0428369030752
11864,257.06442203516957
11865,257.0860071672639
11866,257.10759229935826
11867,257.1291774314526
11868,257.15076256354695
11869,257.1723476956413
11870,257.19393282773564
11871,257.21551795983
11872,257.2371030919243
11873,257.25868822401867
11874,257.280273356113
11875,257.30185848820736
11876,257.3234436203017
11877,257.34502875239605
11878,257.3666138844904
11879,257.38819901658474
11880,257.409784148679
11881,257.43136928077337
11882,257.4529544128677
11883,257.47453954496206
11884,257.4961246770564
11885,257.51770980915074
11886,257.5392949412451
11887,257.56088007333943
11888,257.5824652054338
11889,257.6040503375281
11890,257.62563546962247
11891,257.6472206017168
11892,257.66880573381115
11893,257.6903908659055
11894,257.71197599799984
11895,257.7335611300942
11896,257.75514626218853
11897,257.7767313942829
11898,257.79831652637716
11899,257.8199016584715
11900,257.84148679056585
11901,257.8630719226602
11902,257.88465705475454
11903,257.9062421868489
11904,257.92782731894323
11905,257.9494124510376
11906,257.9709975831319
11907,257.99258271522626
11908,258.0141678473206
11909,258.03575297941495
11910,258.0573381115093
11911,258.07892324360364
11912,258.100508375698
11913,258.12209350779233
11914,258.1436786398867
11915,258.165263771981
11916,258.1868489040753
11917,258.20843403616965
11918,258.230019168264
11919,258.25160430035834
11920,258.2731894324527
11921,258.294774564547
11922,258.31635969664137
11923,258.3379448287357
11924,258.35952996083006
11925,258.3811150929244
11926,258.40270022501875
11927,258.4242853571131
11928,258.44587048920744
11929,258.4674556213018
11930,258.4890407533961
11931,258.51062588549047
11932,258.5322110175848
11933,258.55379614967916
11934,258.5753812817735
11935,258.5969664138678
11936,258.61855154596213
11937,258.6401366780565
11938,258.6617218101508
11939,258.68330694224517
11940,258.7048920743395
11941,258.72647720643386
11942,258.7480623385282
11943,258.76964747062254
11944,258.7912326027169
11945,258.81281773481123
11946,258.8344028669056
11947,258.8559879989999
11948,258.87757313109427
11949,258.8991582631886
11950,258.92074339528295
11951,258.9423285273773
11952,258.96391365947164
11953,258.98549879156593
11954,259.0070839236603
11955,259.0286690557546
11956,259.05025418784896
11957,259.0718393199433
11958,259.09342445203765
11959,259.115009584132
11960,259.13659471622634
11961,259.1581798483207
11962,259.17976498041503
11963,259.2013501125094
11964,259.2229352446037
11965,259.24452037669806
11966,259.2661055087924
11967,259.28769064088675
11968,259.3092757729811
11969,259.33086090507544
11970,259.3524460371698
11971,259.3740311692641
11972,259.3956163013584
11973,259.41720143345276
11974,259.4387865655471
11975,259.46037169764145
11976,259.4819568297358
11977,259.50354196183014
11978,259.5251270939245
11979,259.5467122260188
11980,259.56829735811317
11981,259.5898824902075
11982,259.61146762230186
11983,259.6330527543962
11984,259.65463788649055
11985,259.6762230185849
11986,259.69780815067924
11987,259.7193932827736
11988,259.7409784148679
11989,259.7625635469622
11990,259.78414867905656
11991,259.8057338111509
11992,259.82731894324525
11993,259.8489040753396
11994,259.87048920743393
11995,259.8920743395283
11996,259.9136594716226
11997,259.93524460371697
11998,259.9568297358113
11999,259.97841486790566
12000,260.0
